-- phpMyAdmin SQL Dump
-- version 4.9.0.1
-- https://www.phpmyadmin.net/
--
-- Host: 127.0.0.1
-- Generation Time: Jan 20, 2020 at 04:35 PM
-- Server version: 10.4.6-MariaDB
-- PHP Version: 7.3.9

SET SQL_MODE = "NO_AUTO_VALUE_ON_ZERO";
SET AUTOCOMMIT = 0;
START TRANSACTION;
SET time_zone = "+00:00";


/*!40101 SET @OLD_CHARACTER_SET_CLIENT=@@CHARACTER_SET_CLIENT */;
/*!40101 SET @OLD_CHARACTER_SET_RESULTS=@@CHARACTER_SET_RESULTS */;
/*!40101 SET @OLD_COLLATION_CONNECTION=@@COLLATION_CONNECTION */;
/*!40101 SET NAMES utf8mb4 */;

--
-- Database: `lccfix`
--

-- --------------------------------------------------------

--
-- Table structure for table `curent_status`
--

CREATE TABLE `curent_status` (
  `id` int(10) UNSIGNED NOT NULL,
  `session` tinyint(4) NOT NULL,
  `question` int(11) NOT NULL,
  `created_at` timestamp NULL DEFAULT NULL,
  `updated_at` timestamp NULL DEFAULT NULL
) ENGINE=InnoDB DEFAULT CHARSET=utf8 COLLATE=utf8_unicode_ci;

--
-- Dumping data for table `curent_status`
--

INSERT INTO `curent_status` (`id`, `session`, `question`, `created_at`, `updated_at`) VALUES
(1, 4, 64, '2020-01-15 20:16:27', '2020-01-20 08:14:01');

-- --------------------------------------------------------

--
-- Table structure for table `migrations`
--

CREATE TABLE `migrations` (
  `id` int(10) UNSIGNED NOT NULL,
  `migration` varchar(255) COLLATE utf8mb4_unicode_ci NOT NULL,
  `batch` int(11) NOT NULL
) ENGINE=InnoDB DEFAULT CHARSET=utf8mb4 COLLATE=utf8mb4_unicode_ci;

--
-- Dumping data for table `migrations`
--

INSERT INTO `migrations` (`id`, `migration`, `batch`) VALUES
(2, '2014_10_12_100000_create_password_resets_table', 1),
(23, '2014_10_12_000000_create_users_table', 2),
(24, '2019_12_12_181710_create_participants_table', 2),
(25, '2019_12_12_181904_create_transaction_logs_table', 2),
(26, '2019_12_15_162219_create_questions_table', 2),
(27, '2019_12_15_165105_create_current_status_table', 2),
(28, '2019_12_15_171259_create_observer_participant_table', 2);

-- --------------------------------------------------------

--
-- Table structure for table `observer_participants`
--

CREATE TABLE `observer_participants` (
  `id` bigint(20) UNSIGNED NOT NULL,
  `observer_id` bigint(20) NOT NULL,
  `participant_id` bigint(20) NOT NULL,
  `session` int(11) NOT NULL,
  `created_at` timestamp NULL DEFAULT NULL,
  `updated_at` timestamp NULL DEFAULT NULL
) ENGINE=InnoDB DEFAULT CHARSET=utf8 COLLATE=utf8_unicode_ci;

--
-- Dumping data for table `observer_participants`
--

INSERT INTO `observer_participants` (`id`, `observer_id`, `participant_id`, `session`, `created_at`, `updated_at`) VALUES
(1, 4, 37, 1, '2020-01-20 05:22:10', '2020-01-20 05:22:10'),
(2, 4, 38, 1, '2020-01-20 05:22:10', '2020-01-20 05:22:10'),
(3, 4, 39, 1, '2020-01-20 05:22:10', '2020-01-20 05:22:10'),
(4, 4, 40, 1, '2020-01-20 05:22:10', '2020-01-20 05:22:10'),
(5, 13, 25, 1, '2020-01-20 05:22:27', '2020-01-20 05:22:27'),
(6, 13, 26, 1, '2020-01-20 05:22:27', '2020-01-20 05:22:27'),
(7, 13, 27, 1, '2020-01-20 05:22:27', '2020-01-20 05:22:27'),
(8, 13, 28, 1, '2020-01-20 05:22:27', '2020-01-20 05:22:27'),
(9, 7, 1, 1, '2020-01-20 05:22:32', '2020-01-20 05:22:32'),
(10, 7, 2, 1, '2020-01-20 05:22:32', '2020-01-20 05:22:32'),
(11, 7, 3, 1, '2020-01-20 05:22:32', '2020-01-20 05:22:32'),
(12, 7, 4, 1, '2020-01-20 05:22:32', '2020-01-20 05:22:32'),
(13, 7, 5, 1, '2020-01-20 05:22:32', '2020-01-20 05:22:32'),
(14, 7, 6, 1, '2020-01-20 05:22:32', '2020-01-20 05:22:32'),
(15, 7, 7, 1, '2020-01-20 05:22:32', '2020-01-20 05:22:32'),
(16, 7, 8, 1, '2020-01-20 05:22:32', '2020-01-20 05:22:32'),
(26, 12, 57, 1, '2020-01-20 05:22:59', '2020-01-20 05:22:59'),
(27, 12, 58, 1, '2020-01-20 05:22:59', '2020-01-20 05:22:59'),
(28, 12, 59, 1, '2020-01-20 05:22:59', '2020-01-20 05:22:59'),
(29, 12, 60, 1, '2020-01-20 05:22:59', '2020-01-20 05:22:59'),
(30, 10, 49, 1, '2020-01-20 05:23:07', '2020-01-20 05:23:07'),
(31, 10, 50, 1, '2020-01-20 05:23:07', '2020-01-20 05:23:07'),
(32, 10, 51, 1, '2020-01-20 05:23:07', '2020-01-20 05:23:07'),
(33, 10, 52, 1, '2020-01-20 05:23:07', '2020-01-20 05:23:07'),
(34, 10, 53, 1, '2020-01-20 05:23:07', '2020-01-20 05:23:07'),
(35, 10, 54, 1, '2020-01-20 05:23:07', '2020-01-20 05:23:07'),
(36, 10, 55, 1, '2020-01-20 05:23:07', '2020-01-20 05:23:07'),
(37, 10, 56, 1, '2020-01-20 05:23:07', '2020-01-20 05:23:07'),
(38, 5, 17, 1, '2020-01-20 05:23:08', '2020-01-20 05:23:08'),
(39, 5, 18, 1, '2020-01-20 05:23:08', '2020-01-20 05:23:08'),
(40, 5, 19, 1, '2020-01-20 05:23:08', '2020-01-20 05:23:08'),
(41, 5, 20, 1, '2020-01-20 05:23:08', '2020-01-20 05:23:08'),
(42, 5, 21, 1, '2020-01-20 05:23:08', '2020-01-20 05:23:08'),
(43, 5, 22, 1, '2020-01-20 05:23:08', '2020-01-20 05:23:08'),
(44, 5, 23, 1, '2020-01-20 05:23:08', '2020-01-20 05:23:08'),
(45, 5, 24, 1, '2020-01-20 05:23:08', '2020-01-20 05:23:08'),
(46, 9, 65, 1, '2020-01-20 05:23:09', '2020-01-20 05:23:09'),
(47, 9, 66, 1, '2020-01-20 05:23:09', '2020-01-20 05:23:09'),
(48, 9, 67, 1, '2020-01-20 05:23:09', '2020-01-20 05:23:09'),
(49, 9, 68, 1, '2020-01-20 05:23:09', '2020-01-20 05:23:09'),
(50, 9, 69, 1, '2020-01-20 05:23:09', '2020-01-20 05:23:09'),
(51, 9, 70, 1, '2020-01-20 05:23:09', '2020-01-20 05:23:09'),
(52, 9, 71, 1, '2020-01-20 05:23:09', '2020-01-20 05:23:09'),
(53, 9, 72, 1, '2020-01-20 05:23:09', '2020-01-20 05:23:09'),
(54, 3, 29, 1, '2020-01-20 05:23:11', '2020-01-20 05:23:11'),
(55, 3, 30, 1, '2020-01-20 05:23:11', '2020-01-20 05:23:11'),
(56, 3, 31, 1, '2020-01-20 05:23:11', '2020-01-20 05:23:11'),
(57, 3, 32, 1, '2020-01-20 05:23:11', '2020-01-20 05:23:11'),
(58, 2, 61, 1, '2020-01-20 05:23:18', '2020-01-20 05:23:18'),
(59, 2, 62, 1, '2020-01-20 05:23:18', '2020-01-20 05:23:18'),
(60, 2, 63, 1, '2020-01-20 05:23:18', '2020-01-20 05:23:18'),
(61, 2, 64, 1, '2020-01-20 05:23:18', '2020-01-20 05:23:18'),
(62, 14, 41, 1, '2020-01-20 05:24:38', '2020-01-20 05:24:38'),
(63, 14, 42, 1, '2020-01-20 05:24:38', '2020-01-20 05:24:38'),
(64, 14, 43, 1, '2020-01-20 05:24:38', '2020-01-20 05:24:38'),
(65, 14, 44, 1, '2020-01-20 05:24:38', '2020-01-20 05:24:38'),
(66, 14, 45, 1, '2020-01-20 05:24:38', '2020-01-20 05:24:38'),
(67, 14, 46, 1, '2020-01-20 05:24:38', '2020-01-20 05:24:38'),
(68, 14, 47, 1, '2020-01-20 05:24:38', '2020-01-20 05:24:38'),
(69, 14, 48, 1, '2020-01-20 05:24:38', '2020-01-20 05:24:38'),
(70, 8, 73, 1, '2020-01-20 05:24:45', '2020-01-20 05:24:45'),
(71, 8, 74, 1, '2020-01-20 05:24:45', '2020-01-20 05:24:45'),
(72, 8, 75, 1, '2020-01-20 05:24:45', '2020-01-20 05:24:45'),
(73, 8, 76, 1, '2020-01-20 05:24:45', '2020-01-20 05:24:45'),
(74, 8, 77, 1, '2020-01-20 05:24:45', '2020-01-20 05:24:45'),
(75, 8, 78, 1, '2020-01-20 05:24:45', '2020-01-20 05:24:45'),
(76, 8, 79, 1, '2020-01-20 05:24:45', '2020-01-20 05:24:45'),
(77, 8, 80, 1, '2020-01-20 05:24:45', '2020-01-20 05:24:45'),
(78, 15, 33, 1, '2020-01-20 05:31:39', '2020-01-20 05:31:39'),
(79, 15, 34, 1, '2020-01-20 05:31:39', '2020-01-20 05:31:39'),
(80, 15, 35, 1, '2020-01-20 05:31:39', '2020-01-20 05:31:39'),
(81, 15, 36, 1, '2020-01-20 05:31:39', '2020-01-20 05:31:39'),
(82, 7, 1, 2, '2020-01-20 05:55:49', '2020-01-20 05:55:49'),
(83, 7, 2, 2, '2020-01-20 05:55:49', '2020-01-20 05:55:49'),
(84, 7, 4, 2, '2020-01-20 05:55:49', '2020-01-20 05:55:49'),
(85, 7, 6, 2, '2020-01-20 05:55:49', '2020-01-20 05:55:49'),
(86, 7, 7, 2, '2020-01-20 05:55:49', '2020-01-20 05:55:49'),
(87, 7, 8, 2, '2020-01-20 05:55:49', '2020-01-20 05:55:49'),
(88, 2, 61, 2, '2020-01-20 05:56:04', '2020-01-20 05:56:04'),
(89, 2, 62, 2, '2020-01-20 05:56:04', '2020-01-20 05:56:04'),
(90, 2, 63, 2, '2020-01-20 05:56:04', '2020-01-20 05:56:04'),
(91, 2, 64, 2, '2020-01-20 05:56:04', '2020-01-20 05:56:04'),
(92, 4, 37, 2, '2020-01-20 05:56:05', '2020-01-20 05:56:05'),
(93, 4, 38, 2, '2020-01-20 05:56:05', '2020-01-20 05:56:05'),
(94, 4, 39, 2, '2020-01-20 05:56:05', '2020-01-20 05:56:05'),
(95, 4, 40, 2, '2020-01-20 05:56:05', '2020-01-20 05:56:05'),
(96, 15, 33, 2, '2020-01-20 05:56:38', '2020-01-20 05:56:38'),
(97, 15, 34, 2, '2020-01-20 05:56:38', '2020-01-20 05:56:38'),
(98, 15, 36, 2, '2020-01-20 05:56:38', '2020-01-20 05:56:38'),
(107, 8, 74, 2, '2020-01-20 05:56:50', '2020-01-20 05:56:50'),
(108, 11, 9, 2, '2020-01-20 06:00:01', '2020-01-20 06:00:01'),
(109, 11, 10, 2, '2020-01-20 06:00:01', '2020-01-20 06:00:01'),
(110, 11, 11, 2, '2020-01-20 06:00:01', '2020-01-20 06:00:01'),
(111, 11, 12, 2, '2020-01-20 06:00:01', '2020-01-20 06:00:01'),
(112, 11, 13, 2, '2020-01-20 06:00:01', '2020-01-20 06:00:01'),
(113, 11, 14, 2, '2020-01-20 06:00:01', '2020-01-20 06:00:01'),
(114, 11, 15, 2, '2020-01-20 06:00:01', '2020-01-20 06:00:01'),
(115, 11, 16, 2, '2020-01-20 06:00:01', '2020-01-20 06:00:01'),
(116, 12, 57, 2, '2020-01-20 06:00:07', '2020-01-20 06:00:07'),
(117, 12, 58, 2, '2020-01-20 06:00:07', '2020-01-20 06:00:07'),
(118, 12, 59, 2, '2020-01-20 06:00:07', '2020-01-20 06:00:07'),
(119, 12, 60, 2, '2020-01-20 06:00:07', '2020-01-20 06:00:07'),
(120, 3, 25, 2, '2020-01-20 06:00:34', '2020-01-20 06:00:34'),
(121, 3, 26, 2, '2020-01-20 06:00:34', '2020-01-20 06:00:34'),
(122, 10, 49, 2, '2020-01-20 06:02:02', '2020-01-20 06:02:02'),
(123, 10, 50, 2, '2020-01-20 06:02:02', '2020-01-20 06:02:02'),
(124, 10, 51, 2, '2020-01-20 06:02:02', '2020-01-20 06:02:02'),
(125, 10, 52, 2, '2020-01-20 06:02:02', '2020-01-20 06:02:02'),
(126, 10, 53, 2, '2020-01-20 06:02:02', '2020-01-20 06:02:02'),
(127, 10, 54, 2, '2020-01-20 06:02:02', '2020-01-20 06:02:02'),
(128, 10, 55, 2, '2020-01-20 06:02:02', '2020-01-20 06:02:02'),
(129, 10, 56, 2, '2020-01-20 06:02:02', '2020-01-20 06:02:02'),
(130, 5, 22, 2, '2020-01-20 06:02:55', '2020-01-20 06:02:55'),
(131, 14, 41, 2, '2020-01-20 06:02:58', '2020-01-20 06:02:58'),
(132, 9, 69, 2, '2020-01-20 06:18:38', '2020-01-20 06:18:38'),
(133, 9, 70, 2, '2020-01-20 06:18:38', '2020-01-20 06:18:38'),
(134, 10, 28, 4, '2020-01-20 07:58:20', '2020-01-20 07:58:20'),
(135, 11, 18, 4, '2020-01-20 07:58:26', '2020-01-20 07:58:26'),
(136, 5, 7, 4, '2020-01-20 07:58:28', '2020-01-20 07:58:28'),
(137, 14, 25, 4, '2020-01-20 07:58:42', '2020-01-20 07:58:42'),
(138, 7, 36, 4, '2020-01-20 07:58:52', '2020-01-20 07:58:52'),
(139, 1, 36, 4, '2020-01-20 08:10:22', '2020-01-20 08:10:22'),
(140, 1, 1, 2, '2020-01-20 08:13:26', '2020-01-20 08:13:26');

-- --------------------------------------------------------

--
-- Table structure for table `participants`
--

CREATE TABLE `participants` (
  `id` bigint(20) UNSIGNED NOT NULL,
  `user_id` int(11) DEFAULT NULL,
  `name` varchar(50) COLLATE utf8_unicode_ci NOT NULL,
  `school` varchar(50) COLLATE utf8_unicode_ci NOT NULL,
  `absent` date DEFAULT NULL,
  `point_1` int(11) NOT NULL,
  `point_2` int(11) NOT NULL,
  `point_3` int(11) NOT NULL,
  `point_4` int(11) NOT NULL,
  `status` tinyint(4) NOT NULL,
  `created_at` timestamp NULL DEFAULT NULL,
  `updated_at` timestamp NULL DEFAULT NULL
) ENGINE=InnoDB DEFAULT CHARSET=utf8 COLLATE=utf8_unicode_ci;

--
-- Dumping data for table `participants`
--

INSERT INTO `participants` (`id`, `user_id`, `name`, `school`, `absent`, `point_1`, `point_2`, `point_3`, `point_4`, `status`, `created_at`, `updated_at`) VALUES
(1, NULL, 'GABRIEL STEVE', 'SMK NUSAPUTERA 1 SEMARANG', NULL, 0, 0, 20, 0, 1, NULL, NULL),
(2, NULL, 'CHOIRUNNISA HASNA', 'SMK N 9 SEMARANG', NULL, 0, 0, 20, 0, 1, NULL, NULL),
(3, NULL, 'KUKUH SETYA ARUMANSYAH', 'SMK N 2 PURWODADI', NULL, 0, 0, 20, 0, 1, NULL, NULL),
(4, NULL, 'AYUB OSA MAULANA SUKARNO', 'SMK NEGERI JAWA TENGAH', NULL, 0, 0, 20, 0, 1, NULL, NULL),
(5, NULL, 'AMELIA MAULIDA WULANDARI', 'SMK PEMBANGUNAN MRANGGEN', NULL, 0, 0, 20, 0, 1, NULL, NULL),
(6, NULL, 'KHOERUL UMAM', 'SMK ASKHABUL KAHFI SEMARANG', NULL, 0, 0, 20, 0, 1, NULL, NULL),
(7, NULL, 'ANNISA AULIA SANI', 'SMK NEGERI 10 SEMARANG', NULL, 0, 0, 20, 0, 1, NULL, NULL),
(8, NULL, 'IVAN CHRISTIAN GODTOMO', 'SMK NUSAPUTERA 1 SEMARANG', NULL, 0, 0, 20, 0, 1, NULL, NULL),
(9, NULL, 'HENLEY RAHARJO', 'SMK NUSAPUTERA 1 SEMARANG', NULL, 0, 0, 20, 0, 1, NULL, NULL),
(10, NULL, 'RUTH FIONA AYU SIBARANI', 'SMK N 9 SEMARANG', NULL, 0, 0, 20, 0, 1, NULL, NULL),
(11, NULL, 'FATHONI KURNIAWAN', 'SMK N 2 PURWODADI', NULL, 0, 0, 20, 0, 1, NULL, NULL),
(12, NULL, 'MOCHAMAD AZIZAN', 'SMK NEGERI JAWA TENGAH', NULL, 0, 0, 20, 0, 1, NULL, NULL),
(13, NULL, 'PUTRI DEWI SETIANINGSIH', 'SMK PEMBANGUNAN MRANGGEN', NULL, 0, 0, 20, 0, 1, NULL, NULL),
(14, NULL, 'RIZKI DARMAWAN', 'SMK ASKHABUL KAHFI SEMARANG', NULL, 0, 0, 20, 0, 1, NULL, NULL),
(15, NULL, 'FIQIH RAHMA NUGRAHA', 'SMK NEGERI 10 SEMARANG', NULL, 0, 0, 20, 0, 1, NULL, NULL),
(16, NULL, 'BERNARD', 'SMK NUSAPUTERA 1 SEMARANG', NULL, 0, 0, 20, 0, 1, NULL, NULL),
(17, NULL, 'NICHOLAS AVELLINO', 'SMK NUSAPUTERA 1 SEMARANG', NULL, 0, 0, 20, 0, 1, NULL, NULL),
(18, NULL, 'AGUSTINA DEWI PUSPITASARI', 'SMK N 9 SEMARANG', NULL, 0, 0, 20, 0, 1, NULL, NULL),
(19, NULL, 'BAGAS PERDANA SAPUTRA', 'SMK N 2 PURWODADI', NULL, 0, 0, 20, 0, 1, NULL, NULL),
(20, NULL, 'ALIEF RIZKY FEBRIYAN', 'SMK NEGERI JAWA TENGAH', NULL, 0, 0, 20, 0, 1, NULL, NULL),
(21, NULL, 'REZA SINDY PERMATA SARI', 'SMK PEMBANGUNAN MRANGGEN', NULL, 0, 0, 20, 0, 1, NULL, NULL),
(22, NULL, 'APRILIA TRI ARDANI', 'SMK ASKHABUL KAHFI SEMARANG', NULL, 0, 0, 20, 0, 1, NULL, NULL),
(23, NULL, 'LUKMAN NUR AZMI', 'SMK NEGERI 11 SEMARANG', NULL, 0, 0, 20, 0, 1, NULL, NULL),
(24, NULL, 'KHO, JONATHAN DAVI V NANDA', 'SMK NUSAPUTERA 1 SEMARANG', NULL, 0, 0, 20, 0, 1, NULL, NULL),
(25, NULL, 'GABRIEL SEPTIO RIVALDI GULTOM', 'SMK NUSAPUTERA 1 SEMARANG', NULL, 0, 0, 20, 0, 1, NULL, NULL),
(26, NULL, 'EGITYA MELATI SUKMA', 'SMK N 9 SEMARANG', NULL, 0, 0, 20, 0, 1, NULL, NULL),
(27, NULL, 'MIKA HONGKI ALVIAN', 'SMK N 2 PURWODADI', NULL, 0, 0, 20, 0, 1, NULL, NULL),
(28, NULL, 'FAOJAN SUKRINAS', 'SMK NEGERI JAWA TENGAH', NULL, 0, 0, 20, 0, 1, NULL, NULL),
(29, NULL, 'DEVA BUDI TATA LAKSANA', 'SMK PEMBANGUNAN MRANGGEN', NULL, 0, 0, 20, 0, 1, NULL, NULL),
(30, NULL, 'RIKE SAIDATUR ROHMAH', 'SMK ASKHABUL KAHFI SEMARANG', NULL, 0, 0, 20, 0, 1, NULL, NULL),
(31, NULL, 'NAUFAL HILMY', 'SMK NEGERI 11 SEMARANG', NULL, 0, 0, 20, 0, 1, NULL, NULL),
(32, NULL, 'MUHAMMAD IQBAL ALI SA\'IDIL MUNA', 'SMK N 7 SEMARANG', NULL, 0, 0, 20, 0, 1, NULL, NULL),
(33, NULL, 'NICO DARMAWAN', 'SMK NUSAPUTERA 1 SEMARANG', NULL, 0, 0, 20, 0, 1, NULL, NULL),
(34, NULL, 'MARTIEN DANI P', 'SMK N 9 SEMARANG', NULL, 0, 0, 20, 0, 1, NULL, NULL),
(35, NULL, 'ARYA ADHI NUGRAHA', 'SMK N 2 PURWODADI', NULL, 0, 0, 20, 0, 1, NULL, NULL),
(36, NULL, 'BURHANUDIN YUSUF', 'SMK NEGERI JAWA TENGAH', NULL, 0, 0, 20, 0, 1, NULL, NULL),
(37, NULL, 'KINTANI ADJANI', 'SMK PEMBANGUNAN MRANGGEN', NULL, 0, 0, 20, 0, 1, NULL, NULL),
(38, NULL, 'MUHAMMAD DAVID KURNIAWAN', 'SMK MUHAMMADIYAH KUDUS', NULL, 0, 0, 20, 0, 1, NULL, NULL),
(39, NULL, 'SABIL DARELL NANDAWAN', 'SMA ISLAM SULTAN AGUNG 1 SEMARANG', NULL, 0, 0, 20, 0, 1, NULL, NULL),
(40, NULL, 'FUAD BAGUS SETIAWAN', 'SMK NUSA BHAKTI SEMARANG', NULL, 0, 0, 20, 0, 1, NULL, NULL),
(41, NULL, 'PETER HARRRY WIDODO', 'SMK NUSAPUTERA 1 SEMARANG', NULL, 0, 0, 20, 0, 1, NULL, NULL),
(42, NULL, 'AZ-ZAHRA AURELL PUTRIANSYAH', 'SMK N 9 SEMARANG', NULL, 0, 0, 20, 0, 1, NULL, NULL),
(43, NULL, 'RAGAZZO RAFIF MIDOPTA', 'SMK N 2 PURWODADI', NULL, 0, 0, 20, 0, 1, NULL, NULL),
(44, NULL, 'DANANG WAHYU SETIAWAN', 'SMK NEGERI JAWA TENGAH', NULL, 0, 0, 20, 0, 1, NULL, NULL),
(45, NULL, 'SETIYOSO', 'SMK PEMBANGUNAN MRANGGEN', NULL, 0, 0, 20, 0, 1, NULL, NULL),
(46, NULL, 'MUHAMMAD ROUF ALFIAN HIDAYAT', 'SMK MUHAMMADIYAH KUDUS', NULL, 0, 0, 20, 0, 1, NULL, NULL),
(47, NULL, 'M.HANIF AZHAR', 'SMA ISLAM SULTAN AGUNG 1 SEMARANG', NULL, 0, 0, 20, 0, 1, NULL, NULL),
(48, NULL, 'DIMAS MANIK ALAYUBI', 'SMK NUSA BHAKTI SEMARANG', NULL, 0, 0, 20, 0, 1, NULL, NULL),
(49, NULL, 'VINCENTIUS KURNIAWAN INDRA S.', 'SMK NUSAPUTERA 1 SEMARANG', NULL, 0, 0, 20, 0, 1, NULL, NULL),
(50, NULL, 'VICKY RAHMA SANTOSO', 'SMK N 9 SEMARANG', NULL, 0, 0, 20, 0, 1, NULL, NULL),
(51, NULL, 'GABRIELLA FANI SUCIARTI MEDANTORO', 'SMK N 4 SEMARANG', NULL, 0, 0, 20, 0, 1, NULL, NULL),
(52, NULL, 'GERARDUS ADITYA WAHYU PRASETYO', 'SMK IBU KARTINI', NULL, 0, 0, 20, 0, 1, NULL, NULL),
(53, NULL, 'ANANDA BACHTIAR RAHMAN', 'SMK PEMBANGUNAN MRANGGEN', NULL, 0, 0, 20, 0, 1, NULL, NULL),
(54, NULL, 'ARYA PRAMUDYA', 'SMK MUHAMMADIYAH KUDUS', NULL, 0, 0, 20, 0, 1, NULL, NULL),
(55, NULL, 'BINTANG LAKSAMANA ARSYAD', 'SMA NEGERI 7 SEMARANG', NULL, 0, 0, 20, 0, 1, NULL, NULL),
(56, NULL, 'AZRA MUHAMMAD BHASKAROGRA', 'SMK N 7 SEMARANG', NULL, 0, 0, 20, 0, 1, NULL, NULL),
(57, NULL, 'DAFFA SETYA RAMADHAN', 'SMK NUSAPUTERA 1 SEMARANG', NULL, 0, 0, 20, 0, 1, NULL, NULL),
(58, NULL, 'AISYAH RAHMAWATI IMRAN', 'SMK N 9 SEMARANG', NULL, 0, 0, 20, 0, 1, NULL, NULL),
(59, NULL, 'KEZIA MARIA ARDIANAWATI', 'SMK N 4 SEMARANG', NULL, 0, 0, 20, 0, 1, NULL, NULL),
(60, NULL, 'WAHYU TRIFIANA INDRIYANI', 'SMK IBU KARTINI', NULL, 0, 0, 20, 0, 1, NULL, NULL),
(61, NULL, 'DENNIS ADI MAHENDRA', 'SMK PEMBANGUNAN MRANGGEN', NULL, 0, 0, 20, 0, 1, NULL, NULL),
(62, NULL, 'AHSANU AMALA ADITYA', 'SMK MUHAMMADIYAH KUDUS', NULL, 0, 0, 20, 0, 1, NULL, NULL),
(63, NULL, 'AHNAF FATHI ABDULLAH', 'SMA NEGERI 7 SEMARANG', NULL, 0, 0, 20, 0, 1, NULL, NULL),
(64, NULL, 'JUNIANTO ENDRA KARTIKA', 'SMK N 7 SEMARANG', NULL, 0, 0, 20, 0, 1, NULL, NULL),
(65, NULL, 'GABRIEL INDRAWAN', 'SMK NUSAPUTERA 1 SEMARANG', NULL, 0, 0, 20, 0, 1, NULL, NULL),
(66, NULL, 'MOCHAMMAD DENNIS ALFARIZI', 'SMK N 9 SEMARANG', NULL, 0, 0, 20, 0, 1, NULL, NULL),
(67, NULL, 'ARDI PRASSETIYO', 'SMK N 4 SEMARANG', NULL, 0, 0, 20, 0, 1, NULL, NULL),
(68, NULL, 'ANA FITRIANI', 'SMK IBU KARTINI', NULL, 0, 0, 20, 0, 1, NULL, NULL),
(69, NULL, 'NAWAF ABDUL AZIZ', 'SMK PEMBANGUNAN MRANGGEN', NULL, 0, 0, 20, 0, 1, NULL, NULL),
(70, NULL, 'DHIA AHMAD ARYA SHAH', 'SMK MUHAMMADIYAH KUDUS', NULL, 0, 0, 20, 0, 1, NULL, NULL),
(71, NULL, 'RADISTYA GAISAN PRATAMA', 'SMA NEGERI 7 SEMARANG', NULL, 0, 0, 20, 0, 1, NULL, NULL),
(72, NULL, 'HISYAM FUADY', 'MA ASKHABUL KAHFI SEMARANG', NULL, 0, 0, 20, 0, 1, NULL, NULL),
(73, NULL, 'HALIM JAYAKUSUMA WIRADINATA', 'SMK NUSAPUTERA 1 SEMARANG', NULL, 0, 0, 20, 0, 1, NULL, NULL),
(74, NULL, 'RAISHA PERMATA CAHYANI', 'SMK N 9 SEMARANG', NULL, 0, 0, 20, 0, 1, NULL, NULL),
(75, NULL, 'RHENALD DAENG LOMMPO', 'SMK N 4 SEMARANG', NULL, 0, 0, 20, 0, 1, NULL, NULL),
(76, NULL, 'ADITYA FAJAR MULYANA', 'SMK IBU KARTINI', NULL, 0, 0, 20, 0, 1, NULL, NULL),
(77, NULL, 'YUNIANTI VITDYA TRININGSIH', 'SMK PEMBANGUNAN MRANGGEN', NULL, 0, 0, 20, 0, 1, NULL, NULL);

-- --------------------------------------------------------

--
-- Table structure for table `password_resets`
--

CREATE TABLE `password_resets` (
  `email` varchar(255) COLLATE utf8mb4_unicode_ci NOT NULL,
  `token` varchar(255) COLLATE utf8mb4_unicode_ci NOT NULL,
  `created_at` timestamp NULL DEFAULT NULL
) ENGINE=InnoDB DEFAULT CHARSET=utf8mb4 COLLATE=utf8mb4_unicode_ci;

-- --------------------------------------------------------

--
-- Table structure for table `questions`
--

CREATE TABLE `questions` (
  `id` bigint(20) UNSIGNED NOT NULL,
  `session` enum('1','2','3','4') COLLATE utf8_unicode_ci NOT NULL,
  `question` longtext COLLATE utf8_unicode_ci NOT NULL,
  `answer_key` char(2) COLLATE utf8_unicode_ci NOT NULL,
  `option_a` varchar(255) COLLATE utf8_unicode_ci NOT NULL,
  `option_b` varchar(255) COLLATE utf8_unicode_ci NOT NULL,
  `option_c` varchar(255) COLLATE utf8_unicode_ci NOT NULL,
  `option_d` varchar(255) COLLATE utf8_unicode_ci NOT NULL,
  `created_at` timestamp NULL DEFAULT NULL,
  `updated_at` timestamp NULL DEFAULT NULL
) ENGINE=InnoDB DEFAULT CHARSET=utf8 COLLATE=utf8_unicode_ci;

--
-- Dumping data for table `questions`
--

INSERT INTO `questions` (`id`, `session`, `question`, `answer_key`, `option_a`, `option_b`, `option_c`, `option_d`, `created_at`, `updated_at`) VALUES
(1, '1', 'Yang dimaksud dengan halaman Web adalah...', 'B', 'Halaman elektronik yang dibuka dengan web browser', 'Halaman digital yang dibuka dengan web browser', '-', '-', '2020-01-17 20:37:35', '2020-01-17 20:37:35'),
(2, '1', 'Shortcut Keys untuk masuk menu Help dalam Microsoft Word adalah ....', 'A', 'F1', 'F2', '-', '-', '2020-01-17 20:39:17', '2020-01-17 20:39:17'),
(3, '1', 'Program yang melakukan request terhadap konten dari Internet/Intranet adalah fungsi dari….', 'A', 'Proxy', 'Firewall', '-', '-', '2020-01-18 01:27:47', '2020-01-18 01:27:47'),
(4, '1', 'Untuk menerima masukan berupa pilihan dalam formulir adalah..', 'A', 'Radio', 'Checkbox', '-', '-', '2020-01-18 01:28:42', '2020-01-18 01:28:42'),
(5, '1', 'Yang membuat www (world wide web) bernama ....', 'B', 'John Markoff', 'Berners-Lee', '-', '-', '2020-01-18 01:29:39', '2020-01-18 01:29:39'),
(6, '1', 'Arsitektur Kecerdasan buatan memiliki dua bagian utama, yaitu...', 'A', 'Knowledge Base and Inference Engine', 'Best First Search and Dept First Search', '-', '-', '2020-01-18 01:30:53', '2020-01-18 01:30:53'),
(7, '1', 'Yang merupakan web server adalah ....', 'B', 'Samba', 'IIS', '-', '-', '2020-01-18 01:32:38', '2020-01-18 01:32:38'),
(8, '1', 'Range ukuran font yang disediakan dalam Microsoft Word adalah ....', 'A', '8-72', '6-72', '-', '-', '2020-01-18 01:33:29', '2020-01-18 01:33:29'),
(9, '1', 'Komputer generasi Ketiga dikembangkan pada tahun....', 'A', '1965 – awal tahun 80 an', '1969– awal tahun 80 an', '-', '-', '2020-01-18 01:34:49', '2020-01-18 01:34:49'),
(10, '1', 'Android merupakan sistem yang berjalan pada perangkat', 'B', 'Buku Pintar', 'Telepon Pintar', '-', '-', '2020-01-18 01:35:42', '2020-01-18 01:35:42'),
(11, '1', 'Jumlah baris dan kolom pada Microsoft Excel 2019 adalah ....', 'B', '1.048.376 baris kali 16.584 kolom', '1.048.576 baris kali 16.384 kolom', '-', '-', '2020-01-18 01:37:40', '2020-01-18 01:37:40'),
(12, '1', 'Processor Intel Core I7 menggunakan socket processor dengan tipe….', 'A', 'LGA 1156', 'LGA 775', '-', '-', '2020-01-18 01:38:55', '2020-01-18 01:38:55'),
(13, '1', 'Server yang berfungsi sebagai pemberi akses/pertukaran transfer data antara dua computer adalah….', 'B', 'DHCP Server', 'FTP Server', '-', '-', '2020-01-18 01:39:48', '2020-01-18 01:39:48'),
(14, '1', 'Sebuah teknik yang mengembangkan efisiensi dalam proses pencarian, namun dengan kemungkinan mengorbankan kelengkapan, disebut...', 'B', 'Pencarian Melebar', 'Pencarian Heuristik', '-', '-', '2020-01-18 01:41:10', '2020-01-18 01:41:10'),
(15, '1', 'Dalam Model OSI Layer, yang berfungsi untuk menerima data dari Session Layer adalah….', 'B', 'Data Link Layer', 'Transport Layer', '-', '-', '2020-01-18 01:42:22', '2020-01-18 01:42:22'),
(16, '1', 'Yang termasuk kedalam jenis-jenis teknik pencarian heuristik, yaitu....', 'A', 'Best First Search', 'Breadth First Search', '-', '-', '2020-01-18 01:44:00', '2020-01-18 01:44:00'),
(17, '1', 'Software yang digunakan untuk membuat web design adalah….', 'A', 'Dreamweaver', 'Macromedia Flash', '-', '-', '2020-01-18 01:45:27', '2020-01-18 01:45:27'),
(18, '1', 'Cara untuk merepresentasikan ruang, yaitu….', 'B', 'Graf Keadaan, Pohon Pelacakan, dan AND/NOT', 'Graf Keadaan, Pohon Pelacakan, dan AND/OR', '-', '-', '2020-01-18 01:46:47', '2020-01-18 01:46:47'),
(19, '1', 'Software yang digunakan untuk membuat animasi teks adalah....', 'B', 'Corel Draw', 'Swish Max', '-', '-', '2020-01-18 01:48:02', '2020-01-18 01:48:02'),
(20, '1', 'Teknologi yang digunakan pada komputer generasi ke-3 adalah....', 'B', 'Transistor', 'Sirkuit Terintegrasi', '-', '-', '2020-01-18 01:49:03', '2020-01-18 01:49:03'),
(21, '1', 'Kebutuhan hardware pengembangan android yang disarankan adalah….', 'B', 'Satu Giga HDD', 'Satu Giga RAM', '-', '-', '2020-01-18 01:54:02', '2020-01-18 01:54:02'),
(22, '1', 'Menambahkan fungsi di lembaran kerja dapat dilakukan dengan menjalankan perintah insert function. Perintah insert function terdapat di menu ....', 'B', 'Insert', 'Formulas', '-', '-', '2020-01-18 01:57:15', '2020-01-18 01:57:15'),
(23, '1', 'Kita dapat menyimpan beberapa versi dari dokumen word dalam satu file menggunakan fitur ....', 'A', 'Track Change', 'Version Change', '-', '-', '2020-01-18 01:57:58', '2020-01-18 01:57:58'),
(24, '1', 'Perintah mengubah format (konversi) data grafik ke format grafik lain adalah ....', 'B', 'Import', 'Export', '-', '-', '2020-01-18 01:59:20', '2020-01-18 01:59:20'),
(25, '1', 'Yang termasuk perintah external pada DOS adalah….', 'B', 'MD', 'CHKDSK', '-', '-', '2020-01-18 02:00:37', '2020-01-18 02:00:37'),
(26, '1', 'Muncul sekitar berapa tahun yang lalu, ketika di temukannya abacus?', 'A', '5000 Tahun yang lalu', '500 Tahun yang lalu', '-', '-', '2020-01-18 02:02:42', '2020-01-18 02:02:42'),
(27, '1', 'Webcam adalah salah satu periferal yang dapat digunakan sebagai media masukan grafis dan dapat berfungsi karena adanya teknologi yang disebut dengan ....', 'A', 'Internet', 'Jaringan listrik', '-', '-', '2020-01-18 02:03:29', '2020-01-18 02:03:29'),
(28, '1', 'Type data hasil scanning yang dimanipulasi dengan software digital imaging dapat disimpan dengan berbagai format antara lain ....', 'A', 'bmp, jpeg, jpg', 'png, fla, jpeg', '-', '-', '2020-01-18 02:04:12', '2020-01-18 02:04:12'),
(29, '1', 'Di bawah ini adalah software aplikasi yang dapat digunakan untuk membuat animasi 2D yaitu ....', 'B', 'Macromedia Dreamweaver', 'Macromedia Flash MX 2004', '-', '-', '2020-01-18 02:05:06', '2020-01-18 02:05:06'),
(30, '1', 'Suatu slide presentasi yang dibuat menggunakan macromedia flash dapat dihubungkan dengan slide lain yang dikenal dengan istilah ....', 'A', 'goto', 'hyperlink', '-', '-', '2020-01-18 02:05:44', '2020-01-18 02:05:44'),
(31, '2', 'P1: Topologi Star atau bintang, pada topologi ini menggunakan switch yang berfungsi sebagai node tengah sekaligus pusatnya jaringan. Apabila switch ini mati/terganggu, maka jaringan tidak dapat berjalan. | P2: Topologi Ring adalah suatu metode atau cara untuk menghubungkan dua atau lebih komputer secara serial, dengan memakai kabel utama sebagai center atau pusat lalu lintas data.\n', 'A', 'Pernyataan 1 benar ', 'Pernyataan 2 benar ', 'Jawaban A dan B benar', 'Jawaban C salah', '2020-01-18 02:08:35', '2020-01-18 02:08:35'),
(32, '2', 'P1: File yang dijalankan untuk memulai Ms Word adalah WORD.exe | P2: File yang dijalankan untuk memulai Ms Word adalah WINWORD.exe', 'B', 'Pernyataan 1 benar ', 'Pernyataan 2 benar ', 'Jawaban A dan B benar', 'Jawaban C salah', '2020-01-18 02:08:57', '2020-01-18 02:08:57'),
(33, '2', 'P1: Apache & IIS merupakan contoh web server. | P2: JRun & SunOne merupakan contoh web server. ', 'C', 'Pernyataan 1 benar ', 'Pernyataan 2 benar ', 'Jawaban A dan B benar', 'Jawaban C salah', '2020-01-18 02:09:18', '2020-01-18 02:09:18'),
(34, '2', 'P1: Lapisan ke-5 ini berfungsi untuk mendefinisikan bagaimana koneksi dapat dibuat, dipelihara, atau dihancurkan. | P2: Selain itu, di level ini juga dilakukan resolusi nama. Protokol yang berada dalam lapisan ini adalah RPC (Remote Procedure Call), dan DSP (AppleTalk Data Stream Protocol).', 'C', 'Pernyataan 1 benar ', 'Pernyataan 2 benar ', 'Jawaban A dan B benar', 'Jawaban C salah', '2020-01-18 02:09:40', '2020-01-18 02:09:40'),
(35, '2', 'P1: Full duplex adalah Komunikasi yang terjadi dapat mengirim dan menerima data secara bersamaan | P2: Half duplex  adalah Komunikasi yang terjadi dapat mengirim dan menerima data secara bergantian', 'C', 'Pernyataan 1 benar ', 'Pernyataan 2 benar ', 'Jawaban A dan B benar', 'Jawaban C salah', '2020-01-18 02:10:09', '2020-01-18 02:10:09'),
(36, '2', 'P1: Kabel UTP memiliki kecepatan transfer data 10-100 Mbps | P2: Kabel UTP mempunyai biaya per node relative murah', 'B', 'Pernyataan 1 benar ', 'Pernyataan 2 benar ', 'Jawaban A dan B benar', 'Jawaban C salah', '2020-01-18 02:10:25', '2020-01-18 02:10:25'),
(37, '2', 'P1: Batas default undo pada Microsoft Office adalah 50 kali | P2: Batas default undo pada Microsoft Office adalah 100 kali ', 'B', 'Pernyataan 1 benar ', 'Pernyataan 2 benar ', 'Jawaban A dan B benar', 'Jawaban C salah', '2020-01-18 02:10:37', '2020-01-18 02:10:37'),
(38, '2', 'P1: Code “&#169;” pada html akan menghasilkan simbol “©” . | P2: Code “&copyright;” pada html akan menghasilkan simbol “©” .', 'A', 'Pernyataan 1 benar ', 'Pernyataan 2 benar ', 'Jawaban A dan B benar', 'Jawaban C salah', '2020-01-18 02:10:49', '2020-01-18 02:10:49'),
(39, '2', 'P1: Komputer generasi kedua tidak lagi menggunakan tabung vakum sebagai medianya, melainkan teknologi transistor digadang-gadang adalah cikal bakal dari terciptanya komputer ini | P2: Komputer generasi keempat menggunakan teknologi Integrated Circuit (ICs)', 'A', 'Pernyataan 1 benar ', 'Pernyataan 2 benar ', 'Jawaban A dan B benar', 'Jawaban C salah', '2020-01-18 02:10:59', '2020-01-18 02:10:59'),
(40, '2', 'P1: Android 2.3 Gingerbread Pertama kali diperkenalkan pada 6 Desember 2010. | P2: Android 3.0/3.1 Honeycomb Pertama kali diperkenalkan pada 22 Februari 2011 dan Motorola Xoom adalah yang pertama kali menggunakannya.', 'C', 'Pernyataan 1 benar ', 'Pernyataan 2 benar ', 'Jawaban A dan B benar', 'Jawaban C salah', '2020-01-18 02:11:11', '2020-01-18 02:11:11'),
(41, '2', 'P1: Website Dinamis adalah web yang mempunyai halaman tidak berubah. | P2: Website Statis merupakan website yang secara struktur diperuntukan untuk update sesering mungkin.', 'D', 'Pernyataan 1 benar ', 'Pernyataan 2 benar ', 'Jawaban A dan B benar', 'Jawaban C salah', '2020-01-18 02:11:30', '2020-01-18 02:11:30'),
(42, '2', 'P1: Teori – teori yang berhubungan dengan ketidakpastian pada penalaran, yaitu Teori Fuzzy | P2: Teori – teori yang berhubungan dengan ketidakpastian pada penalaran, yaitu Teori Shanon', 'C', 'Pernyataan 1 benar ', 'Pernyataan 2 benar ', 'Jawaban A dan B benar', 'Jawaban C salah', '2020-01-18 02:11:40', '2020-01-18 02:11:40'),
(43, '2', 'P1: Tautologi termasuk dalam logika proposisi | P2: Konjungsi termasuk dalam logika proposisi', 'B', 'Pernyataan 1 benar ', 'Pernyataan 2 benar ', 'Jawaban A dan B benar', 'Jawaban C salah', '2020-01-18 02:11:51', '2020-01-18 02:11:51'),
(44, '2', 'P1: Cara melakukan pembaharuan Android Studio dengan melalui Standart Development Kit | P2: Cara melakukan pembaharuan Android Studio dengan melalui situs resmi Android Studio', 'A', 'Pernyataan 1 benar ', 'Pernyataan 2 benar ', 'Jawaban A dan B benar', 'Jawaban C salah', '2020-01-18 02:12:02', '2020-01-18 02:12:02'),
(45, '2', 'P1: WWW dapat digunakan gratis pada tanggal 30 April 1995. | P2: WWW dapat digunakan gratis pada tanggal 30 April 1993.', 'B', 'Pernyataan 1 benar ', 'Pernyataan 2 benar ', 'Jawaban A dan B benar', 'Jawaban C salah', '2020-01-18 02:12:13', '2020-01-18 02:12:13'),
(46, '2', 'P1: Android menggunakan bahasa pemrograman berbasis Java | P2: Android menggunakan bahasa pemrograman berbasis Kotlin', 'C', 'Pernyataan 1 benar ', 'Pernyataan 2 benar ', 'Jawaban A dan B benar', 'Jawaban C salah', '2020-01-18 02:12:30', '2020-01-18 02:12:30'),
(47, '2', 'P1: Format ukuran kertas 210 x 297 mm adalah A4 | P2: Format ukuran kertas 210 x 297 mm adalah A5', 'A', 'Pernyataan 1 benar ', 'Pernyataan 2 benar ', 'Jawaban A dan B benar', 'Jawaban C salah', '2020-01-18 02:12:51', '2020-01-18 02:12:51'),
(48, '2', 'P1: Pengaturan, layout aplikasi android dilakukan melalui file layout java | P2: Pengaturan, layout aplikasi android dilakukan melalui file layout xml', 'B', 'Pernyataan 1 benar ', 'Pernyataan 2 benar ', 'Jawaban A dan B benar', 'Jawaban C salah', '2020-01-18 02:13:04', '2020-01-18 02:13:04'),
(49, '2', 'P1: Tahun 1982, istilah dari “internet” mualai di gunakan dan TCP/IP di adopsi sebagai protocol. | P2: Tahun 1986, Mulai di perkenalkan sistem nama domain,yang sekarang dikenal dengan DNS', 'C', 'Pernyataan 1 benar ', 'Pernyataan 2 benar ', 'Jawaban A dan B benar', 'Jawaban C salah', '2020-01-18 02:13:23', '2020-01-18 02:13:23'),
(50, '2', 'P1: Horizontal termasuk dalam orientasi dalam Linear Layout, pada Android | P2: Variabel termasuk dalam orientasi dalam Linear Layout, pada Android', 'A', 'Pernyataan 1 benar ', 'Pernyataan 2 benar ', 'Jawaban A dan B benar', 'Jawaban C salah', '2020-01-18 02:13:34', '2020-01-18 02:13:34'),
(51, '3', 'Kapan tanggal rilis Ms Office pertama kali di windows ?', 'A', '19 November 1990', '19 November 1992', '20 November 1990', '-', '2020-01-18 02:13:34', '2020-01-20 03:44:38'),
(52, '3', 'Pilihan Portrait dan Landscape ada di ....', 'A', 'Page Orientation', 'Page Layout', 'Page Size', '-', '2020-01-20 03:45:23', '2020-01-20 03:45:23'),
(53, '3', 'Berikut merupakan urutan persentasi penggunaan web server dari terendah sampai ke tertinggi adalah ....', 'C', 'nginx – Apache – Microsoft – Google', 'Apache – Microsoft – nginx – Google', 'Google – Microsoft – Apache – nginx', '-', '2020-01-20 03:47:08', '2020-01-20 03:47:08'),
(54, '3', 'Versi terbaru dari html yang direkomendasikan oleh W3C adalah ....', 'C', 'HTML 5', 'XHTML 2.0', 'HTML5.2', '-', '2020-01-20 03:48:43', '2020-01-20 03:48:43'),
(55, '3', 'HTML adalah bagian dari ....', 'B', 'SGMD', 'SGML', 'SGMT', '-', '2020-01-20 03:49:33', '2020-01-20 03:49:50'),
(56, '3', 'Untuk dapat mengetahui drive, Directory, Data, apa yang di-share oleh sebuah komputer dalam jaringan menggunakan pengujian jaringan....', 'B', 'Sharing data', 'Windows explorer', 'TCP/IP', '-', '2020-01-20 03:51:12', '2020-01-20 03:51:12'),
(57, '3', 'Partisi yang pertama kali dipasang dalam instalasi sisteim operasi Linux adalah...', 'B', '/boot, /', '/swap, /', '/boot, /home', '-', '2020-01-20 03:52:18', '2020-01-20 03:52:18'),
(58, '3', 'Yang merupakan kemampuan java: Class dan Objek menurunkan sifat kepada class lain adalah', 'B', 'Encapsulation', 'Inheritance', 'Polymorphism', '-', '2020-01-20 03:53:19', '2020-01-20 03:53:19'),
(59, '3', 'Untuk membuat game dalam Artificial Intelligence (kecerdasan buatan), algoritma yang biasa digunakan adalah', 'A', 'Minimax', 'Greedy', 'Branch', '-', '2020-01-20 03:54:10', '2020-01-20 03:54:10'),
(60, '3', 'Negara yang mempelopori perkembangan komputer pada generasi ke lima adalah....', 'C', 'Rusia', 'Korea', 'Jepang', '-', '2020-01-20 03:55:13', '2020-01-20 03:55:29'),
(61, '4', 'Office 365 adalah layanan cloud Office yang populer saat ini. Kapan pertama kali Office 365 rilis ke publik?', 'A', '-', '-', '-', '-', '2020-01-20 03:56:31', '2020-01-20 03:56:31'),
(62, '4', 'Berapa jumlah maksimal kolom yang dapat dibuat dalam Ms Word?', 'A', '-', '-', '-', '-', '2020-01-20 03:57:10', '2020-01-20 03:57:10'),
(63, '4', 'Versi berapa dari Microsoft PowerPoint yang mulai menggunakan ekstensi .pptx sebagai ekstensi defaultnya?', 'A', '-', '-', '-', '-', '2020-01-20 03:57:44', '2020-01-20 04:05:04'),
(64, '4', 'Apa saja tipe animasi yang ada dalam Microsoft PowerPoint?', 'A', '-', '-', '-', '-', '2020-01-20 03:58:27', '2020-01-20 03:58:27'),
(65, '4', 'Bagaimana cara update semua nilai hasil dari formula dalam cell pada dokumen Excel yang sedang dibuka jika fitur Auto Calculated di disable?', 'A', '-', '-', '-', '-', '2020-01-20 03:59:17', '2020-01-20 03:59:17'),
(66, '4', 'Siapa pencetus awal HTML5 ?', 'A', '-', '-', '-', '-', '2020-01-20 03:59:47', '2020-01-20 03:59:47'),
(67, '4', 'Sebutkan secara urut warna yang dihasilkan dari kode heksadesimal #FF000 , #00FF00 dan #0000FF !', 'A', '-', '-', '-', '-', '2020-01-20 04:00:15', '2020-01-20 04:00:15'),
(68, '4', 'Apa nama search engine yang pertama kali ditemukan ?', 'A', '-', '-', '-', '-', '2020-01-20 04:00:42', '2020-01-20 04:00:42'),
(69, '4', 'Apa kode error dari HTTP yang muncul jika browser bisa berkomunikasi dengan server tetapi server tidak bisa menemukan apa yang diminta browser?', 'A', '-', '-', '-', '-', '2020-01-20 04:01:28', '2020-01-20 04:01:28'),
(70, '4', 'Apa saja komponen yang membentuk sebuah URL yang lengkap dan spesifik?', 'A', '-', '-', '-', '-', '2020-01-20 04:02:02', '2020-01-20 04:02:02'),
(71, '4', 'Komponen yang dipergunakan pada komputer generasi kelima adalah....', 'A', '-', '-', '-', '-', '2020-01-20 04:02:50', '2020-01-20 04:02:50'),
(72, '4', 'versi android apakah yang memiliki versi stabil terbaru dengan versi antara 5.0 dan 5.1. Diresmikan pada 25 Juni 2014 saat Google I / O, dan tersedia secara resmi melalui over-the-air (OTA) update pada tanggal 12 November 2014, untuk memilih perangkat yang menjalankan distribusi Android dilayani oleh Google (seperti perangkat Nexus dan Google Play edition)?', 'A', '-', '-', '-', '-', '2020-01-20 04:07:18', '2020-01-20 04:07:18'),
(73, '4', 'Komputer generasi keberapakah yang tidak lagi menggunakan tabung vakum sebagai medianya, melainkan teknologi transistor yang digadang-gadang adalah cikal bakal dari terciptanya komputer ini?', 'A', '-', '-', '-', '-', '2020-01-20 04:08:02', '2020-01-20 04:08:02'),
(74, '4', 'Tahun 1994 – 1995 mulai beroperasi ISP komersial pertama di indonesia yaitu.....', 'A', '-', '-', '-', '-', '2020-01-20 04:08:46', '2020-01-20 04:08:46'),
(75, '4', 'Pada tahun 1958, Departeman Pertahanan Amerika Serikat membentuk Advace Research Project Agency (ARPA) yang bertujuan agar amerika serikat mampu mengembangkan teknologi dalam hal ini sasaranya adalah.....', 'A', '-', '-', '-', '-', '2020-01-20 04:09:13', '2020-01-20 04:09:13'),
(76, '4', 'Perangkat lunak program yang mendistribusikan file atau informasi sebagai respons atas permintaan yang dikirim via email, juga digunakan pada bitnet untuk menyediakan layanan serupa FTP adalah.....', 'A', '-', '-', '-', '-', '2020-01-20 04:09:42', '2020-01-20 04:09:42'),
(77, '4', 'Televisi termasuk kedalam jenis-jenis transmisi….', 'A', '-', '-', '-', '-', '2020-01-20 04:10:32', '2020-01-20 04:10:32'),
(78, '4', 'Suatu metode atau cara untuk menghubungkan dua atau lebih komputer secara serial, dengan memakai kabel utama sebagai center atau pusat lalu lintas data. Topologi jaringan komputer yang menggunakan BNC (T) sebagai konektornya adalah….', 'A', '-', '-', '-', '-', '2020-01-20 04:11:48', '2020-01-20 04:11:48'),
(79, '4', 'Aplikasi pelayanan di internet untuk menerjemahkan nama – nama host (hostnames) menjadi alamat IP dan juga sebaliknya menerjemahkan alamat IP menjadi nama berbentuk teks adalah....', 'A', '-', '-', '-', '-', '2020-01-20 04:12:17', '2020-01-20 04:12:17'),
(80, '4', 'Lapisan pada model OSI layer yang berfungsi untuk menentukan bagaimana bit-bit data dikelompokkan menjadi format yang disebut sebagai frame adalah....', 'A', '-', '-', '-', '-', '2020-01-20 04:12:49', '2020-01-20 04:12:49');

-- --------------------------------------------------------

--
-- Table structure for table `transaction_logs`
--

CREATE TABLE `transaction_logs` (
  `id` bigint(20) UNSIGNED NOT NULL,
  `user_id` bigint(20) NOT NULL,
  `participant_id` bigint(20) NOT NULL,
  `question_id` bigint(20) NOT NULL,
  `answer` char(2) COLLATE utf8_unicode_ci DEFAULT NULL,
  `calc` varchar(15) COLLATE utf8_unicode_ci NOT NULL,
  `updated_at` date DEFAULT NULL,
  `created_at` date DEFAULT NULL
) ENGINE=InnoDB DEFAULT CHARSET=utf8 COLLATE=utf8_unicode_ci;

--
-- Dumping data for table `transaction_logs`
--

INSERT INTO `transaction_logs` (`id`, `user_id`, `participant_id`, `question_id`, `answer`, `calc`, `updated_at`, `created_at`) VALUES
(1, 8, 73, 1, 'A', '0', '2020-01-20', '2020-01-20'),
(2, 8, 74, 1, 'B', '3', '2020-01-20', '2020-01-20'),
(3, 15, 33, 1, 'Z', '0', '2020-01-20', '2020-01-20'),
(4, 15, 34, 1, 'A', '0', '2020-01-20', '2020-01-20'),
(5, 15, 35, 1, 'B', '3', '2020-01-20', '2020-01-20'),
(6, 15, 36, 1, 'A', '0', '2020-01-20', '2020-01-20'),
(7, 11, 9, 1, 'B', '3', '2020-01-20', '2020-01-20'),
(8, 11, 10, 1, 'A', '0', '2020-01-20', '2020-01-20'),
(9, 11, 11, 1, 'A', '0', '2020-01-20', '2020-01-20'),
(10, 11, 12, 1, 'B', '3', '2020-01-20', '2020-01-20'),
(11, 11, 13, 1, 'B', '3', '2020-01-20', '2020-01-20'),
(12, 11, 14, 1, 'A', '0', '2020-01-20', '2020-01-20'),
(13, 11, 15, 1, 'B', '3', '2020-01-20', '2020-01-20'),
(14, 11, 16, 1, 'A', '0', '2020-01-20', '2020-01-20'),
(15, 9, 65, 1, 'B', '3', '2020-01-20', '2020-01-20'),
(16, 9, 66, 1, 'A', '0', '2020-01-20', '2020-01-20'),
(17, 9, 67, 1, 'B', '3', '2020-01-20', '2020-01-20'),
(18, 9, 68, 1, 'B', '3', '2020-01-20', '2020-01-20'),
(19, 9, 69, 1, 'A', '0', '2020-01-20', '2020-01-20'),
(20, 9, 70, 1, 'B', '3', '2020-01-20', '2020-01-20'),
(21, 9, 71, 1, 'A', '0', '2020-01-20', '2020-01-20'),
(22, 9, 72, 1, 'B', '3', '2020-01-20', '2020-01-20'),
(23, 4, 37, 1, 'A', '0', '2020-01-20', '2020-01-20'),
(24, 4, 38, 1, 'B', '3', '2020-01-20', '2020-01-20'),
(25, 4, 39, 1, 'B', '3', '2020-01-20', '2020-01-20'),
(26, 4, 40, 1, 'Z', '0', '2020-01-20', '2020-01-20'),
(27, 10, 49, 1, 'B', '3', '2020-01-20', '2020-01-20'),
(28, 10, 50, 1, 'B', '3', '2020-01-20', '2020-01-20'),
(29, 10, 51, 1, 'A', '0', '2020-01-20', '2020-01-20'),
(30, 10, 52, 1, 'A', '0', '2020-01-20', '2020-01-20'),
(31, 10, 53, 1, 'B', '3', '2020-01-20', '2020-01-20'),
(32, 10, 54, 1, 'A', '0', '2020-01-20', '2020-01-20'),
(33, 10, 55, 1, 'A', '0', '2020-01-20', '2020-01-20'),
(34, 10, 56, 1, 'B', '3', '2020-01-20', '2020-01-20'),
(35, 13, 25, 1, 'A', '0', '2020-01-20', '2020-01-20'),
(36, 13, 26, 1, 'B', '3', '2020-01-20', '2020-01-20'),
(37, 13, 27, 1, 'A', '0', '2020-01-20', '2020-01-20'),
(38, 13, 28, 1, 'B', '3', '2020-01-20', '2020-01-20'),
(39, 7, 1, 1, 'A', '0', '2020-01-20', '2020-01-20'),
(40, 7, 2, 1, 'B', '3', '2020-01-20', '2020-01-20'),
(41, 7, 3, 1, 'A', '0', '2020-01-20', '2020-01-20'),
(42, 7, 4, 1, 'B', '3', '2020-01-20', '2020-01-20'),
(43, 7, 5, 1, 'B', '3', '2020-01-20', '2020-01-20'),
(44, 7, 6, 1, 'A', '0', '2020-01-20', '2020-01-20'),
(45, 7, 7, 1, 'B', '3', '2020-01-20', '2020-01-20'),
(46, 7, 8, 1, 'B', '3', '2020-01-20', '2020-01-20'),
(47, 5, 17, 1, 'A', '0', '2020-01-20', '2020-01-20'),
(48, 5, 18, 1, 'B', '3', '2020-01-20', '2020-01-20'),
(49, 5, 19, 1, 'A', '0', '2020-01-20', '2020-01-20'),
(50, 5, 20, 1, 'B', '3', '2020-01-20', '2020-01-20'),
(51, 5, 21, 1, 'B', '3', '2020-01-20', '2020-01-20'),
(52, 5, 22, 1, 'B', '3', '2020-01-20', '2020-01-20'),
(53, 5, 23, 1, 'A', '0', '2020-01-20', '2020-01-20'),
(54, 5, 24, 1, 'B', '3', '2020-01-20', '2020-01-20'),
(55, 14, 41, 1, 'A', '0', '2020-01-20', '2020-01-20'),
(56, 14, 42, 1, 'B', '3', '2020-01-20', '2020-01-20'),
(57, 14, 43, 1, 'B', '3', '2020-01-20', '2020-01-20'),
(58, 14, 44, 1, 'A', '0', '2020-01-20', '2020-01-20'),
(59, 14, 45, 1, 'B', '3', '2020-01-20', '2020-01-20'),
(60, 14, 46, 1, 'A', '0', '2020-01-20', '2020-01-20'),
(61, 14, 47, 1, 'B', '3', '2020-01-20', '2020-01-20'),
(62, 14, 48, 1, 'B', '3', '2020-01-20', '2020-01-20'),
(63, 12, 57, 1, 'B', '3', '2020-01-20', '2020-01-20'),
(64, 12, 58, 1, 'A', '0', '2020-01-20', '2020-01-20'),
(65, 12, 59, 1, 'B', '3', '2020-01-20', '2020-01-20'),
(66, 12, 60, 1, 'B', '3', '2020-01-20', '2020-01-20'),
(67, 2, 61, 1, 'A', '0', '2020-01-20', '2020-01-20'),
(68, 2, 62, 1, 'B', '3', '2020-01-20', '2020-01-20'),
(69, 2, 63, 1, 'A', '0', '2020-01-20', '2020-01-20'),
(70, 2, 64, 1, 'A', '0', '2020-01-20', '2020-01-20'),
(71, 4, 37, 1, 'B', '3', '2020-01-20', '2020-01-20'),
(72, 4, 38, 1, 'B', '3', '2020-01-20', '2020-01-20'),
(73, 4, 39, 1, 'B', '3', '2020-01-20', '2020-01-20'),
(74, 4, 40, 1, 'Z', '0', '2020-01-20', '2020-01-20'),
(75, 3, 29, 2, 'A', '3', '2020-01-20', '2020-01-20'),
(76, 3, 30, 2, 'B', '0', '2020-01-20', '2020-01-20'),
(77, 3, 31, 2, 'A', '3', '2020-01-20', '2020-01-20'),
(78, 3, 32, 2, 'A', '3', '2020-01-20', '2020-01-20'),
(79, 8, 73, 2, 'Z', '0', '2020-01-20', '2020-01-20'),
(80, 8, 74, 2, 'A', '3', '2020-01-20', '2020-01-20'),
(81, 9, 65, 2, 'A', '3', '2020-01-20', '2020-01-20'),
(82, 9, 66, 2, 'B', '0', '2020-01-20', '2020-01-20'),
(83, 9, 67, 2, 'B', '0', '2020-01-20', '2020-01-20'),
(84, 9, 68, 2, 'A', '3', '2020-01-20', '2020-01-20'),
(85, 9, 69, 2, 'Z', '0', '2020-01-20', '2020-01-20'),
(86, 9, 70, 2, 'A', '3', '2020-01-20', '2020-01-20'),
(87, 9, 71, 2, 'B', '0', '2020-01-20', '2020-01-20'),
(88, 9, 72, 2, 'A', '3', '2020-01-20', '2020-01-20'),
(89, 4, 37, 2, 'A', '3', '2020-01-20', '2020-01-20'),
(90, 4, 38, 2, 'A', '3', '2020-01-20', '2020-01-20'),
(91, 4, 39, 2, 'A', '3', '2020-01-20', '2020-01-20'),
(92, 4, 40, 2, 'B', '0', '2020-01-20', '2020-01-20'),
(93, 11, 9, 2, 'A', '3', '2020-01-20', '2020-01-20'),
(94, 11, 10, 2, 'B', '0', '2020-01-20', '2020-01-20'),
(95, 11, 11, 2, 'A', '3', '2020-01-20', '2020-01-20'),
(96, 11, 12, 2, 'B', '0', '2020-01-20', '2020-01-20'),
(97, 11, 13, 2, 'B', '0', '2020-01-20', '2020-01-20'),
(98, 11, 14, 2, 'A', '3', '2020-01-20', '2020-01-20'),
(99, 11, 15, 2, 'A', '3', '2020-01-20', '2020-01-20'),
(100, 11, 16, 2, 'B', '0', '2020-01-20', '2020-01-20'),
(101, 14, 41, 2, 'A', '3', '2020-01-20', '2020-01-20'),
(102, 14, 42, 2, 'B', '0', '2020-01-20', '2020-01-20'),
(103, 14, 43, 2, 'A', '3', '2020-01-20', '2020-01-20'),
(104, 14, 44, 2, 'A', '3', '2020-01-20', '2020-01-20'),
(105, 14, 45, 2, 'B', '0', '2020-01-20', '2020-01-20'),
(106, 14, 46, 2, 'A', '3', '2020-01-20', '2020-01-20'),
(107, 14, 47, 2, 'B', '0', '2020-01-20', '2020-01-20'),
(108, 14, 48, 2, 'A', '3', '2020-01-20', '2020-01-20'),
(109, 12, 57, 2, 'B', '0', '2020-01-20', '2020-01-20'),
(110, 12, 58, 2, 'A', '3', '2020-01-20', '2020-01-20'),
(111, 12, 59, 2, 'B', '0', '2020-01-20', '2020-01-20'),
(112, 12, 60, 2, 'B', '0', '2020-01-20', '2020-01-20'),
(113, 10, 49, 2, 'A', '3', '2020-01-20', '2020-01-20'),
(114, 10, 50, 2, 'A', '3', '2020-01-20', '2020-01-20'),
(115, 10, 51, 2, 'B', '0', '2020-01-20', '2020-01-20'),
(116, 10, 52, 2, 'B', '0', '2020-01-20', '2020-01-20'),
(117, 10, 53, 2, 'A', '3', '2020-01-20', '2020-01-20'),
(118, 10, 54, 2, 'B', '0', '2020-01-20', '2020-01-20'),
(119, 10, 55, 2, 'A', '3', '2020-01-20', '2020-01-20'),
(120, 10, 56, 2, 'B', '0', '2020-01-20', '2020-01-20'),
(121, 15, 33, 2, 'A', '3', '2020-01-20', '2020-01-20'),
(122, 15, 34, 2, 'B', '0', '2020-01-20', '2020-01-20'),
(123, 15, 35, 2, 'Z', '0', '2020-01-20', '2020-01-20'),
(124, 15, 36, 2, 'B', '0', '2020-01-20', '2020-01-20'),
(125, 13, 25, 2, 'A', '3', '2020-01-20', '2020-01-20'),
(126, 13, 26, 2, 'B', '0', '2020-01-20', '2020-01-20'),
(127, 13, 27, 2, 'B', '0', '2020-01-20', '2020-01-20'),
(128, 13, 28, 2, 'B', '0', '2020-01-20', '2020-01-20'),
(129, 7, 1, 2, 'A', '3', '2020-01-20', '2020-01-20'),
(130, 7, 2, 2, 'A', '3', '2020-01-20', '2020-01-20'),
(131, 7, 3, 2, 'A', '3', '2020-01-20', '2020-01-20'),
(132, 7, 4, 2, 'B', '0', '2020-01-20', '2020-01-20'),
(133, 7, 5, 2, 'A', '3', '2020-01-20', '2020-01-20'),
(134, 7, 6, 2, 'A', '3', '2020-01-20', '2020-01-20'),
(135, 7, 7, 2, 'A', '3', '2020-01-20', '2020-01-20'),
(136, 7, 8, 2, 'A', '3', '2020-01-20', '2020-01-20'),
(137, 2, 61, 2, 'A', '3', '2020-01-20', '2020-01-20'),
(138, 2, 62, 2, 'B', '0', '2020-01-20', '2020-01-20'),
(139, 2, 63, 2, 'A', '3', '2020-01-20', '2020-01-20'),
(140, 2, 64, 2, 'B', '0', '2020-01-20', '2020-01-20'),
(141, 5, 17, 2, 'B', '0', '2020-01-20', '2020-01-20'),
(142, 5, 18, 2, 'B', '0', '2020-01-20', '2020-01-20'),
(143, 5, 19, 2, 'A', '3', '2020-01-20', '2020-01-20'),
(144, 5, 20, 2, 'B', '0', '2020-01-20', '2020-01-20'),
(145, 5, 21, 2, 'A', '3', '2020-01-20', '2020-01-20'),
(146, 5, 22, 2, 'A', '3', '2020-01-20', '2020-01-20'),
(147, 5, 23, 2, 'A', '3', '2020-01-20', '2020-01-20'),
(148, 5, 24, 2, 'B', '0', '2020-01-20', '2020-01-20'),
(149, 3, 29, 2, 'A', '3', '2020-01-20', '2020-01-20'),
(150, 3, 30, 2, 'B', '0', '2020-01-20', '2020-01-20'),
(151, 3, 31, 2, 'A', '3', '2020-01-20', '2020-01-20'),
(152, 3, 32, 2, 'B', '0', '2020-01-20', '2020-01-20'),
(153, 8, 73, 3, 'A', '3', '2020-01-20', '2020-01-20'),
(154, 8, 74, 3, 'A', '3', '2020-01-20', '2020-01-20'),
(155, 9, 65, 3, 'B', '0', '2020-01-20', '2020-01-20'),
(156, 9, 66, 3, 'A', '3', '2020-01-20', '2020-01-20'),
(157, 9, 67, 3, 'B', '0', '2020-01-20', '2020-01-20'),
(158, 9, 68, 3, 'B', '0', '2020-01-20', '2020-01-20'),
(159, 9, 69, 3, 'A', '3', '2020-01-20', '2020-01-20'),
(160, 9, 70, 3, 'B', '0', '2020-01-20', '2020-01-20'),
(161, 9, 71, 3, 'A', '3', '2020-01-20', '2020-01-20'),
(162, 9, 72, 3, 'A', '3', '2020-01-20', '2020-01-20'),
(163, 12, 57, 3, 'A', '3', '2020-01-20', '2020-01-20'),
(164, 12, 58, 3, 'A', '3', '2020-01-20', '2020-01-20'),
(165, 12, 59, 3, 'A', '3', '2020-01-20', '2020-01-20'),
(166, 12, 60, 3, 'A', '3', '2020-01-20', '2020-01-20'),
(167, 4, 37, 3, 'B', '0', '2020-01-20', '2020-01-20'),
(168, 4, 38, 3, 'B', '0', '2020-01-20', '2020-01-20'),
(169, 4, 39, 3, 'A', '3', '2020-01-20', '2020-01-20'),
(170, 4, 40, 3, 'Z', '0', '2020-01-20', '2020-01-20'),
(171, 13, 25, 3, 'A', '3', '2020-01-20', '2020-01-20'),
(172, 13, 26, 3, 'A', '3', '2020-01-20', '2020-01-20'),
(173, 13, 27, 3, 'A', '3', '2020-01-20', '2020-01-20'),
(174, 13, 28, 3, 'A', '3', '2020-01-20', '2020-01-20'),
(175, 2, 61, 3, 'A', '3', '2020-01-20', '2020-01-20'),
(176, 2, 62, 3, 'B', '0', '2020-01-20', '2020-01-20'),
(177, 2, 63, 3, 'B', '0', '2020-01-20', '2020-01-20'),
(178, 2, 64, 3, 'B', '0', '2020-01-20', '2020-01-20'),
(179, 14, 41, 3, 'B', '0', '2020-01-20', '2020-01-20'),
(180, 14, 42, 3, 'A', '3', '2020-01-20', '2020-01-20'),
(181, 14, 43, 3, 'A', '3', '2020-01-20', '2020-01-20'),
(182, 14, 44, 3, 'A', '3', '2020-01-20', '2020-01-20'),
(183, 14, 45, 3, 'B', '0', '2020-01-20', '2020-01-20'),
(184, 14, 46, 3, 'A', '3', '2020-01-20', '2020-01-20'),
(185, 14, 47, 3, 'A', '3', '2020-01-20', '2020-01-20'),
(186, 14, 48, 3, 'B', '0', '2020-01-20', '2020-01-20'),
(187, 11, 9, 3, 'B', '0', '2020-01-20', '2020-01-20'),
(188, 11, 10, 3, 'Z', '0', '2020-01-20', '2020-01-20'),
(189, 11, 11, 3, 'B', '0', '2020-01-20', '2020-01-20'),
(190, 11, 12, 3, 'A', '3', '2020-01-20', '2020-01-20'),
(191, 11, 13, 3, 'Z', '0', '2020-01-20', '2020-01-20'),
(192, 11, 14, 3, 'B', '0', '2020-01-20', '2020-01-20'),
(193, 11, 15, 3, 'Z', '0', '2020-01-20', '2020-01-20'),
(194, 11, 16, 3, 'A', '3', '2020-01-20', '2020-01-20'),
(195, 10, 49, 3, 'B', '0', '2020-01-20', '2020-01-20'),
(196, 10, 50, 3, 'A', '3', '2020-01-20', '2020-01-20'),
(197, 10, 51, 3, 'B', '0', '2020-01-20', '2020-01-20'),
(198, 10, 52, 3, 'B', '0', '2020-01-20', '2020-01-20'),
(199, 10, 53, 3, 'A', '3', '2020-01-20', '2020-01-20'),
(200, 10, 54, 3, 'B', '0', '2020-01-20', '2020-01-20'),
(201, 10, 55, 3, 'A', '3', '2020-01-20', '2020-01-20'),
(202, 10, 56, 3, 'A', '3', '2020-01-20', '2020-01-20'),
(203, 7, 1, 3, 'A', '3', '2020-01-20', '2020-01-20'),
(204, 7, 2, 3, 'A', '3', '2020-01-20', '2020-01-20'),
(205, 7, 3, 3, 'A', '3', '2020-01-20', '2020-01-20'),
(206, 7, 4, 3, 'A', '3', '2020-01-20', '2020-01-20'),
(207, 7, 5, 3, 'A', '3', '2020-01-20', '2020-01-20'),
(208, 7, 6, 3, 'A', '3', '2020-01-20', '2020-01-20'),
(209, 7, 7, 3, 'A', '3', '2020-01-20', '2020-01-20'),
(210, 7, 8, 3, 'A', '3', '2020-01-20', '2020-01-20'),
(211, 15, 33, 3, 'A', '3', '2020-01-20', '2020-01-20'),
(212, 15, 34, 3, 'A', '3', '2020-01-20', '2020-01-20'),
(213, 15, 35, 3, 'A', '3', '2020-01-20', '2020-01-20'),
(214, 15, 36, 3, 'A', '3', '2020-01-20', '2020-01-20'),
(215, 3, 29, 3, 'B', '0', '2020-01-20', '2020-01-20'),
(216, 3, 30, 3, 'A', '3', '2020-01-20', '2020-01-20'),
(217, 3, 31, 3, 'B', '0', '2020-01-20', '2020-01-20'),
(218, 3, 32, 3, 'A', '3', '2020-01-20', '2020-01-20'),
(219, 5, 17, 3, 'B', '0', '2020-01-20', '2020-01-20'),
(220, 5, 18, 3, 'A', '3', '2020-01-20', '2020-01-20'),
(221, 5, 19, 3, 'A', '3', '2020-01-20', '2020-01-20'),
(222, 5, 20, 3, 'B', '0', '2020-01-20', '2020-01-20'),
(223, 5, 21, 3, 'A', '3', '2020-01-20', '2020-01-20'),
(224, 5, 22, 3, 'A', '3', '2020-01-20', '2020-01-20'),
(225, 5, 23, 3, 'B', '0', '2020-01-20', '2020-01-20'),
(226, 5, 24, 3, 'B', '0', '2020-01-20', '2020-01-20'),
(227, 9, 65, 4, 'B', '0', '2020-01-20', '2020-01-20'),
(228, 9, 66, 4, 'B', '0', '2020-01-20', '2020-01-20'),
(229, 9, 67, 4, 'B', '0', '2020-01-20', '2020-01-20'),
(230, 9, 68, 4, 'B', '0', '2020-01-20', '2020-01-20'),
(231, 9, 69, 4, 'B', '0', '2020-01-20', '2020-01-20'),
(232, 9, 70, 4, 'B', '0', '2020-01-20', '2020-01-20'),
(233, 9, 71, 4, 'B', '0', '2020-01-20', '2020-01-20'),
(234, 9, 72, 4, 'B', '0', '2020-01-20', '2020-01-20'),
(235, 8, 73, 4, 'B', '0', '2020-01-20', '2020-01-20'),
(236, 8, 74, 4, 'A', '3', '2020-01-20', '2020-01-20'),
(237, 13, 25, 4, 'A', '3', '2020-01-20', '2020-01-20'),
(238, 13, 26, 4, 'A', '3', '2020-01-20', '2020-01-20'),
(239, 13, 27, 4, 'B', '0', '2020-01-20', '2020-01-20'),
(240, 13, 28, 4, 'B', '0', '2020-01-20', '2020-01-20'),
(241, 14, 41, 4, 'A', '3', '2020-01-20', '2020-01-20'),
(242, 14, 42, 4, 'A', '3', '2020-01-20', '2020-01-20'),
(243, 14, 43, 4, 'B', '0', '2020-01-20', '2020-01-20'),
(244, 14, 44, 4, 'B', '0', '2020-01-20', '2020-01-20'),
(245, 14, 45, 4, 'A', '3', '2020-01-20', '2020-01-20'),
(246, 14, 46, 4, 'A', '3', '2020-01-20', '2020-01-20'),
(247, 14, 47, 4, 'B', '0', '2020-01-20', '2020-01-20'),
(248, 14, 48, 4, 'A', '3', '2020-01-20', '2020-01-20'),
(249, 4, 37, 4, 'B', '0', '2020-01-20', '2020-01-20'),
(250, 4, 38, 4, 'A', '3', '2020-01-20', '2020-01-20'),
(251, 4, 39, 4, 'B', '0', '2020-01-20', '2020-01-20'),
(252, 4, 40, 4, 'Z', '0', '2020-01-20', '2020-01-20'),
(253, 15, 33, 4, 'B', '0', '2020-01-20', '2020-01-20'),
(254, 15, 34, 4, 'B', '0', '2020-01-20', '2020-01-20'),
(255, 15, 35, 4, 'B', '0', '2020-01-20', '2020-01-20'),
(256, 15, 36, 4, 'A', '3', '2020-01-20', '2020-01-20'),
(257, 12, 57, 4, 'A', '3', '2020-01-20', '2020-01-20'),
(258, 12, 58, 4, 'B', '0', '2020-01-20', '2020-01-20'),
(259, 12, 59, 4, 'A', '3', '2020-01-20', '2020-01-20'),
(260, 12, 60, 4, 'B', '0', '2020-01-20', '2020-01-20'),
(261, 2, 61, 4, 'B', '0', '2020-01-20', '2020-01-20'),
(262, 2, 62, 4, 'B', '0', '2020-01-20', '2020-01-20'),
(263, 2, 63, 4, 'B', '0', '2020-01-20', '2020-01-20'),
(264, 2, 64, 4, 'A', '3', '2020-01-20', '2020-01-20'),
(265, 5, 17, 4, 'A', '3', '2020-01-20', '2020-01-20'),
(266, 5, 18, 4, 'B', '0', '2020-01-20', '2020-01-20'),
(267, 5, 19, 4, 'A', '3', '2020-01-20', '2020-01-20'),
(268, 5, 20, 4, 'B', '0', '2020-01-20', '2020-01-20'),
(269, 5, 21, 4, 'B', '0', '2020-01-20', '2020-01-20'),
(270, 5, 22, 4, 'B', '0', '2020-01-20', '2020-01-20'),
(271, 5, 23, 4, 'A', '3', '2020-01-20', '2020-01-20'),
(272, 5, 24, 4, 'A', '3', '2020-01-20', '2020-01-20'),
(273, 11, 9, 4, 'A', '3', '2020-01-20', '2020-01-20'),
(274, 11, 10, 4, 'B', '0', '2020-01-20', '2020-01-20'),
(275, 11, 11, 4, 'B', '0', '2020-01-20', '2020-01-20'),
(276, 11, 12, 4, 'Z', '0', '2020-01-20', '2020-01-20'),
(277, 11, 13, 4, 'A', '3', '2020-01-20', '2020-01-20'),
(278, 11, 14, 4, 'Z', '0', '2020-01-20', '2020-01-20'),
(279, 11, 15, 4, 'B', '0', '2020-01-20', '2020-01-20'),
(280, 11, 16, 4, 'A', '3', '2020-01-20', '2020-01-20'),
(281, 10, 49, 4, 'B', '0', '2020-01-20', '2020-01-20'),
(282, 10, 50, 4, 'B', '0', '2020-01-20', '2020-01-20'),
(283, 10, 51, 4, 'A', '3', '2020-01-20', '2020-01-20'),
(284, 10, 52, 4, 'A', '3', '2020-01-20', '2020-01-20'),
(285, 10, 53, 4, 'B', '0', '2020-01-20', '2020-01-20'),
(286, 10, 54, 4, 'A', '3', '2020-01-20', '2020-01-20'),
(287, 10, 55, 4, 'B', '0', '2020-01-20', '2020-01-20'),
(288, 10, 56, 4, 'B', '0', '2020-01-20', '2020-01-20'),
(289, 3, 29, 4, 'A', '3', '2020-01-20', '2020-01-20'),
(290, 3, 30, 4, 'A', '3', '2020-01-20', '2020-01-20'),
(291, 3, 31, 4, 'A', '3', '2020-01-20', '2020-01-20'),
(292, 3, 32, 4, 'B', '0', '2020-01-20', '2020-01-20'),
(293, 7, 1, 4, 'A', '3', '2020-01-20', '2020-01-20'),
(294, 7, 2, 4, 'A', '3', '2020-01-20', '2020-01-20'),
(295, 7, 3, 4, 'A', '3', '2020-01-20', '2020-01-20'),
(296, 7, 4, 4, 'A', '3', '2020-01-20', '2020-01-20'),
(297, 7, 5, 4, 'A', '3', '2020-01-20', '2020-01-20'),
(298, 7, 6, 4, 'A', '3', '2020-01-20', '2020-01-20'),
(299, 7, 7, 4, 'A', '3', '2020-01-20', '2020-01-20'),
(300, 7, 8, 4, 'A', '3', '2020-01-20', '2020-01-20'),
(301, 9, 65, 6, 'A', '3', '2020-01-20', '2020-01-20'),
(302, 9, 66, 6, 'B', '0', '2020-01-20', '2020-01-20'),
(303, 9, 67, 6, 'A', '3', '2020-01-20', '2020-01-20'),
(304, 9, 68, 6, 'B', '0', '2020-01-20', '2020-01-20'),
(305, 9, 69, 6, 'A', '3', '2020-01-20', '2020-01-20'),
(306, 9, 70, 6, 'B', '0', '2020-01-20', '2020-01-20'),
(307, 9, 71, 6, 'A', '3', '2020-01-20', '2020-01-20'),
(308, 9, 72, 6, 'B', '0', '2020-01-20', '2020-01-20'),
(309, 2, 61, 6, 'A', '3', '2020-01-20', '2020-01-20'),
(310, 2, 62, 6, 'A', '3', '2020-01-20', '2020-01-20'),
(311, 2, 63, 6, 'A', '3', '2020-01-20', '2020-01-20'),
(312, 2, 64, 6, 'A', '3', '2020-01-20', '2020-01-20'),
(313, 4, 37, 6, 'B', '0', '2020-01-20', '2020-01-20'),
(314, 4, 38, 6, 'B', '0', '2020-01-20', '2020-01-20'),
(315, 4, 39, 6, 'B', '0', '2020-01-20', '2020-01-20'),
(316, 4, 40, 6, 'Z', '0', '2020-01-20', '2020-01-20'),
(317, 15, 33, 6, 'B', '0', '2020-01-20', '2020-01-20'),
(318, 15, 34, 6, 'Z', '0', '2020-01-20', '2020-01-20'),
(319, 15, 35, 6, 'A', '3', '2020-01-20', '2020-01-20'),
(320, 15, 36, 6, 'A', '3', '2020-01-20', '2020-01-20'),
(321, 8, 73, 5, 'A', '0', '2020-01-20', '2020-01-20'),
(322, 8, 74, 5, 'B', '3', '2020-01-20', '2020-01-20'),
(323, 13, 25, 5, 'B', '3', '2020-01-20', '2020-01-20'),
(324, 13, 26, 5, 'B', '3', '2020-01-20', '2020-01-20'),
(325, 13, 27, 5, 'B', '3', '2020-01-20', '2020-01-20'),
(326, 13, 28, 5, 'B', '3', '2020-01-20', '2020-01-20'),
(327, 14, 41, 5, 'B', '3', '2020-01-20', '2020-01-20'),
(328, 14, 42, 5, 'A', '0', '2020-01-20', '2020-01-20'),
(329, 14, 43, 5, 'A', '0', '2020-01-20', '2020-01-20'),
(330, 14, 44, 5, 'A', '0', '2020-01-20', '2020-01-20'),
(331, 14, 45, 5, 'B', '3', '2020-01-20', '2020-01-20'),
(332, 14, 46, 5, 'A', '0', '2020-01-20', '2020-01-20'),
(333, 14, 47, 5, 'B', '3', '2020-01-20', '2020-01-20'),
(334, 14, 48, 5, 'A', '0', '2020-01-20', '2020-01-20'),
(335, 5, 17, 5, 'A', '0', '2020-01-20', '2020-01-20'),
(336, 5, 18, 5, 'B', '3', '2020-01-20', '2020-01-20'),
(337, 5, 19, 5, 'A', '0', '2020-01-20', '2020-01-20'),
(338, 5, 20, 5, 'B', '3', '2020-01-20', '2020-01-20'),
(339, 5, 21, 5, 'A', '0', '2020-01-20', '2020-01-20'),
(340, 5, 22, 5, 'B', '3', '2020-01-20', '2020-01-20'),
(341, 5, 23, 5, 'B', '3', '2020-01-20', '2020-01-20'),
(342, 5, 24, 5, 'A', '0', '2020-01-20', '2020-01-20'),
(343, 4, 37, 5, 'B', '3', '2020-01-20', '2020-01-20'),
(344, 4, 38, 5, 'A', '0', '2020-01-20', '2020-01-20'),
(345, 4, 39, 5, 'B', '3', '2020-01-20', '2020-01-20'),
(346, 4, 40, 5, 'Z', '0', '2020-01-20', '2020-01-20'),
(347, 11, 9, 5, 'A', '0', '2020-01-20', '2020-01-20'),
(348, 11, 10, 5, 'B', '3', '2020-01-20', '2020-01-20'),
(349, 11, 11, 5, 'Z', '0', '2020-01-20', '2020-01-20'),
(350, 11, 12, 5, 'A', '0', '2020-01-20', '2020-01-20'),
(351, 11, 13, 5, 'B', '3', '2020-01-20', '2020-01-20'),
(352, 11, 14, 5, 'Z', '0', '2020-01-20', '2020-01-20'),
(353, 11, 15, 5, 'B', '3', '2020-01-20', '2020-01-20'),
(354, 11, 16, 5, 'A', '0', '2020-01-20', '2020-01-20'),
(355, 10, 49, 5, 'A', '0', '2020-01-20', '2020-01-20'),
(356, 10, 50, 5, 'A', '0', '2020-01-20', '2020-01-20'),
(357, 10, 51, 5, 'B', '3', '2020-01-20', '2020-01-20'),
(358, 10, 52, 5, 'B', '3', '2020-01-20', '2020-01-20'),
(359, 3, 29, 5, 'A', '0', '2020-01-20', '2020-01-20'),
(360, 3, 30, 5, 'A', '0', '2020-01-20', '2020-01-20'),
(361, 3, 31, 5, 'B', '3', '2020-01-20', '2020-01-20'),
(362, 3, 32, 5, 'B', '3', '2020-01-20', '2020-01-20'),
(363, 12, 57, 5, 'B', '3', '2020-01-20', '2020-01-20'),
(364, 12, 58, 5, 'B', '3', '2020-01-20', '2020-01-20'),
(365, 12, 59, 5, 'B', '3', '2020-01-20', '2020-01-20'),
(366, 12, 60, 5, 'B', '3', '2020-01-20', '2020-01-20'),
(367, 7, 1, 5, 'A', '0', '2020-01-20', '2020-01-20'),
(368, 7, 2, 5, 'A', '0', '2020-01-20', '2020-01-20'),
(369, 7, 3, 5, 'A', '0', '2020-01-20', '2020-01-20'),
(370, 7, 4, 5, 'A', '0', '2020-01-20', '2020-01-20'),
(371, 7, 5, 5, 'A', '0', '2020-01-20', '2020-01-20'),
(372, 7, 6, 5, 'A', '0', '2020-01-20', '2020-01-20'),
(373, 7, 7, 5, 'A', '0', '2020-01-20', '2020-01-20'),
(374, 7, 8, 5, 'A', '0', '2020-01-20', '2020-01-20'),
(375, 10, 49, 6, 'A', '3', '2020-01-20', '2020-01-20'),
(376, 10, 50, 6, 'A', '3', '2020-01-20', '2020-01-20'),
(377, 10, 51, 6, 'B', '0', '2020-01-20', '2020-01-20'),
(378, 10, 52, 6, 'B', '0', '2020-01-20', '2020-01-20'),
(379, 10, 53, 6, 'A', '3', '2020-01-20', '2020-01-20'),
(380, 10, 54, 6, 'A', '3', '2020-01-20', '2020-01-20'),
(381, 10, 55, 6, 'B', '0', '2020-01-20', '2020-01-20'),
(382, 10, 56, 6, 'B', '0', '2020-01-20', '2020-01-20'),
(383, 9, 65, 6, 'B', '0', '2020-01-20', '2020-01-20'),
(384, 9, 66, 6, 'A', '3', '2020-01-20', '2020-01-20'),
(385, 9, 67, 6, 'B', '0', '2020-01-20', '2020-01-20'),
(386, 9, 68, 6, 'B', '0', '2020-01-20', '2020-01-20'),
(387, 9, 69, 6, 'A', '3', '2020-01-20', '2020-01-20'),
(388, 9, 70, 6, 'A', '3', '2020-01-20', '2020-01-20'),
(389, 9, 71, 6, 'B', '0', '2020-01-20', '2020-01-20'),
(390, 9, 72, 6, 'B', '0', '2020-01-20', '2020-01-20'),
(391, 8, 73, 6, 'A', '3', '2020-01-20', '2020-01-20'),
(392, 8, 74, 6, 'A', '3', '2020-01-20', '2020-01-20'),
(393, 12, 57, 6, 'B', '0', '2020-01-20', '2020-01-20'),
(394, 12, 58, 6, 'B', '0', '2020-01-20', '2020-01-20'),
(395, 12, 59, 6, 'B', '0', '2020-01-20', '2020-01-20'),
(396, 12, 60, 6, 'B', '0', '2020-01-20', '2020-01-20'),
(397, 15, 33, 6, 'B', '0', '2020-01-20', '2020-01-20'),
(398, 15, 34, 6, 'A', '3', '2020-01-20', '2020-01-20'),
(399, 15, 35, 6, 'B', '0', '2020-01-20', '2020-01-20'),
(400, 15, 36, 6, 'A', '3', '2020-01-20', '2020-01-20'),
(401, 2, 61, 6, 'A', '3', '2020-01-20', '2020-01-20'),
(402, 2, 62, 6, 'B', '0', '2020-01-20', '2020-01-20'),
(403, 2, 63, 6, 'B', '0', '2020-01-20', '2020-01-20'),
(404, 2, 64, 6, 'A', '3', '2020-01-20', '2020-01-20'),
(405, 14, 41, 6, 'B', '0', '2020-01-20', '2020-01-20'),
(406, 14, 42, 6, 'A', '3', '2020-01-20', '2020-01-20'),
(407, 14, 43, 6, 'A', '3', '2020-01-20', '2020-01-20'),
(408, 14, 44, 6, 'B', '0', '2020-01-20', '2020-01-20'),
(409, 14, 45, 6, 'A', '3', '2020-01-20', '2020-01-20'),
(410, 14, 46, 6, 'A', '3', '2020-01-20', '2020-01-20'),
(411, 14, 47, 6, 'B', '0', '2020-01-20', '2020-01-20'),
(412, 14, 48, 6, 'A', '3', '2020-01-20', '2020-01-20'),
(413, 11, 9, 6, 'A', '3', '2020-01-20', '2020-01-20'),
(414, 11, 10, 6, 'A', '3', '2020-01-20', '2020-01-20'),
(415, 11, 11, 6, 'B', '0', '2020-01-20', '2020-01-20'),
(416, 11, 12, 6, 'Z', '0', '2020-01-20', '2020-01-20'),
(417, 11, 13, 6, 'A', '3', '2020-01-20', '2020-01-20'),
(418, 11, 14, 6, 'B', '0', '2020-01-20', '2020-01-20'),
(419, 11, 15, 6, 'Z', '0', '2020-01-20', '2020-01-20'),
(420, 11, 16, 6, 'A', '3', '2020-01-20', '2020-01-20'),
(421, 10, 49, 6, 'A', '3', '2020-01-20', '2020-01-20'),
(422, 10, 50, 6, 'A', '3', '2020-01-20', '2020-01-20'),
(423, 10, 51, 6, 'B', '0', '2020-01-20', '2020-01-20'),
(424, 10, 52, 6, 'B', '0', '2020-01-20', '2020-01-20'),
(425, 10, 53, 6, 'B', '0', '2020-01-20', '2020-01-20'),
(426, 10, 54, 6, 'B', '0', '2020-01-20', '2020-01-20'),
(427, 10, 55, 6, 'A', '3', '2020-01-20', '2020-01-20'),
(428, 10, 56, 6, 'B', '0', '2020-01-20', '2020-01-20'),
(429, 13, 25, 6, 'A', '3', '2020-01-20', '2020-01-20'),
(430, 13, 26, 6, 'A', '3', '2020-01-20', '2020-01-20'),
(431, 13, 27, 6, 'A', '3', '2020-01-20', '2020-01-20'),
(432, 13, 28, 6, 'A', '3', '2020-01-20', '2020-01-20'),
(433, 7, 1, 6, 'A', '3', '2020-01-20', '2020-01-20'),
(434, 7, 2, 6, 'A', '3', '2020-01-20', '2020-01-20'),
(435, 7, 3, 6, 'B', '0', '2020-01-20', '2020-01-20'),
(436, 7, 4, 6, 'A', '3', '2020-01-20', '2020-01-20'),
(437, 7, 5, 6, 'A', '3', '2020-01-20', '2020-01-20'),
(438, 7, 6, 6, 'A', '3', '2020-01-20', '2020-01-20'),
(439, 7, 7, 6, 'A', '3', '2020-01-20', '2020-01-20'),
(440, 7, 8, 6, 'A', '3', '2020-01-20', '2020-01-20'),
(441, 4, 37, 6, 'A', '3', '2020-01-20', '2020-01-20'),
(442, 4, 38, 6, 'B', '0', '2020-01-20', '2020-01-20'),
(443, 4, 39, 6, 'B', '0', '2020-01-20', '2020-01-20'),
(444, 4, 40, 6, 'A', '3', '2020-01-20', '2020-01-20'),
(445, 5, 17, 6, 'A', '3', '2020-01-20', '2020-01-20'),
(446, 5, 18, 6, 'A', '3', '2020-01-20', '2020-01-20'),
(447, 5, 19, 6, 'B', '0', '2020-01-20', '2020-01-20'),
(448, 5, 20, 6, 'A', '3', '2020-01-20', '2020-01-20'),
(449, 5, 21, 6, 'B', '0', '2020-01-20', '2020-01-20'),
(450, 5, 22, 6, 'A', '3', '2020-01-20', '2020-01-20'),
(451, 5, 23, 6, 'B', '0', '2020-01-20', '2020-01-20'),
(452, 5, 24, 6, 'A', '3', '2020-01-20', '2020-01-20'),
(453, 3, 29, 6, 'A', '3', '2020-01-20', '2020-01-20'),
(454, 3, 30, 6, 'B', '0', '2020-01-20', '2020-01-20'),
(455, 3, 31, 6, 'A', '3', '2020-01-20', '2020-01-20'),
(456, 3, 32, 6, 'A', '3', '2020-01-20', '2020-01-20'),
(457, 9, 65, 7, 'A', '0', '2020-01-20', '2020-01-20'),
(458, 9, 66, 7, 'A', '0', '2020-01-20', '2020-01-20'),
(459, 9, 67, 7, 'A', '0', '2020-01-20', '2020-01-20'),
(460, 9, 68, 7, 'B', '3', '2020-01-20', '2020-01-20'),
(461, 9, 69, 7, 'B', '3', '2020-01-20', '2020-01-20'),
(462, 9, 70, 7, 'B', '3', '2020-01-20', '2020-01-20'),
(463, 9, 71, 7, 'B', '3', '2020-01-20', '2020-01-20'),
(464, 9, 72, 7, 'B', '3', '2020-01-20', '2020-01-20'),
(465, 8, 73, 7, 'A', '0', '2020-01-20', '2020-01-20'),
(466, 8, 74, 7, 'A', '0', '2020-01-20', '2020-01-20'),
(467, 12, 57, 7, 'B', '3', '2020-01-20', '2020-01-20'),
(468, 12, 58, 7, 'B', '3', '2020-01-20', '2020-01-20'),
(469, 12, 59, 7, 'B', '3', '2020-01-20', '2020-01-20'),
(470, 12, 60, 7, 'B', '3', '2020-01-20', '2020-01-20'),
(471, 13, 25, 7, 'A', '0', '2020-01-20', '2020-01-20'),
(472, 13, 26, 7, 'B', '3', '2020-01-20', '2020-01-20'),
(473, 13, 27, 7, 'B', '3', '2020-01-20', '2020-01-20'),
(474, 13, 28, 7, 'A', '0', '2020-01-20', '2020-01-20'),
(475, 14, 41, 7, 'A', '0', '2020-01-20', '2020-01-20'),
(476, 14, 42, 7, 'B', '3', '2020-01-20', '2020-01-20'),
(477, 14, 43, 7, 'B', '3', '2020-01-20', '2020-01-20'),
(478, 14, 44, 7, 'B', '3', '2020-01-20', '2020-01-20'),
(479, 14, 45, 7, 'A', '0', '2020-01-20', '2020-01-20'),
(480, 14, 46, 7, 'A', '0', '2020-01-20', '2020-01-20'),
(481, 14, 47, 7, 'B', '3', '2020-01-20', '2020-01-20'),
(482, 14, 48, 7, 'B', '3', '2020-01-20', '2020-01-20'),
(483, 5, 17, 7, 'B', '3', '2020-01-20', '2020-01-20'),
(484, 5, 18, 7, 'B', '3', '2020-01-20', '2020-01-20'),
(485, 5, 19, 7, 'A', '0', '2020-01-20', '2020-01-20'),
(486, 5, 20, 7, 'B', '3', '2020-01-20', '2020-01-20'),
(487, 5, 21, 7, 'A', '0', '2020-01-20', '2020-01-20'),
(488, 5, 22, 7, 'B', '3', '2020-01-20', '2020-01-20'),
(489, 5, 23, 7, 'A', '0', '2020-01-20', '2020-01-20'),
(490, 5, 24, 7, 'B', '3', '2020-01-20', '2020-01-20'),
(491, 7, 1, 7, 'A', '0', '2020-01-20', '2020-01-20'),
(492, 7, 2, 7, 'B', '3', '2020-01-20', '2020-01-20'),
(493, 7, 3, 7, 'A', '0', '2020-01-20', '2020-01-20'),
(494, 7, 4, 7, 'A', '0', '2020-01-20', '2020-01-20'),
(495, 7, 5, 7, 'A', '0', '2020-01-20', '2020-01-20'),
(496, 7, 6, 7, 'A', '0', '2020-01-20', '2020-01-20'),
(497, 7, 7, 7, 'A', '0', '2020-01-20', '2020-01-20'),
(498, 7, 8, 7, 'A', '0', '2020-01-20', '2020-01-20'),
(499, 2, 61, 7, 'A', '0', '2020-01-20', '2020-01-20'),
(500, 2, 62, 7, 'B', '3', '2020-01-20', '2020-01-20'),
(501, 2, 63, 7, 'B', '3', '2020-01-20', '2020-01-20'),
(502, 2, 64, 7, 'A', '0', '2020-01-20', '2020-01-20'),
(503, 15, 33, 7, 'B', '3', '2020-01-20', '2020-01-20'),
(504, 15, 34, 7, 'B', '3', '2020-01-20', '2020-01-20'),
(505, 15, 35, 7, 'A', '0', '2020-01-20', '2020-01-20'),
(506, 15, 36, 7, 'B', '3', '2020-01-20', '2020-01-20'),
(507, 10, 49, 7, 'B', '3', '2020-01-20', '2020-01-20'),
(508, 10, 50, 7, 'A', '0', '2020-01-20', '2020-01-20'),
(509, 10, 51, 7, 'B', '3', '2020-01-20', '2020-01-20'),
(510, 10, 52, 7, 'A', '0', '2020-01-20', '2020-01-20'),
(511, 10, 53, 7, 'B', '3', '2020-01-20', '2020-01-20'),
(512, 10, 54, 7, 'B', '3', '2020-01-20', '2020-01-20'),
(513, 10, 55, 7, 'A', '0', '2020-01-20', '2020-01-20'),
(514, 10, 56, 7, 'A', '0', '2020-01-20', '2020-01-20'),
(515, 11, 9, 7, 'A', '0', '2020-01-20', '2020-01-20'),
(516, 11, 10, 7, 'A', '0', '2020-01-20', '2020-01-20'),
(517, 11, 11, 7, 'A', '0', '2020-01-20', '2020-01-20'),
(518, 11, 12, 7, 'B', '3', '2020-01-20', '2020-01-20'),
(519, 11, 13, 7, 'A', '0', '2020-01-20', '2020-01-20'),
(520, 11, 14, 7, 'B', '3', '2020-01-20', '2020-01-20'),
(521, 11, 15, 7, 'A', '0', '2020-01-20', '2020-01-20'),
(522, 11, 16, 7, 'B', '3', '2020-01-20', '2020-01-20'),
(523, 4, 37, 7, 'A', '0', '2020-01-20', '2020-01-20'),
(524, 4, 38, 7, 'B', '3', '2020-01-20', '2020-01-20'),
(525, 4, 39, 7, 'A', '0', '2020-01-20', '2020-01-20'),
(526, 4, 40, 7, 'B', '3', '2020-01-20', '2020-01-20'),
(527, 3, 29, 7, 'A', '0', '2020-01-20', '2020-01-20'),
(528, 3, 30, 7, 'A', '0', '2020-01-20', '2020-01-20'),
(529, 3, 31, 7, 'B', '3', '2020-01-20', '2020-01-20'),
(530, 3, 32, 7, 'B', '3', '2020-01-20', '2020-01-20'),
(531, 8, 73, 8, 'A', '3', '2020-01-20', '2020-01-20'),
(532, 8, 74, 8, 'B', '0', '2020-01-20', '2020-01-20'),
(533, 15, 33, 8, 'A', '3', '2020-01-20', '2020-01-20'),
(534, 15, 34, 8, 'A', '3', '2020-01-20', '2020-01-20'),
(535, 15, 35, 8, 'A', '3', '2020-01-20', '2020-01-20'),
(536, 15, 36, 8, 'A', '3', '2020-01-20', '2020-01-20'),
(537, 5, 17, 8, 'A', '3', '2020-01-20', '2020-01-20'),
(538, 5, 18, 8, 'B', '0', '2020-01-20', '2020-01-20'),
(539, 5, 19, 8, 'A', '3', '2020-01-20', '2020-01-20'),
(540, 5, 20, 8, 'B', '0', '2020-01-20', '2020-01-20'),
(541, 5, 21, 8, 'A', '3', '2020-01-20', '2020-01-20'),
(542, 5, 22, 8, 'A', '3', '2020-01-20', '2020-01-20'),
(543, 5, 23, 8, 'B', '0', '2020-01-20', '2020-01-20'),
(544, 5, 24, 8, 'A', '3', '2020-01-20', '2020-01-20'),
(545, 12, 57, 8, 'B', '0', '2020-01-20', '2020-01-20'),
(546, 12, 58, 8, 'A', '3', '2020-01-20', '2020-01-20'),
(547, 12, 59, 8, 'B', '0', '2020-01-20', '2020-01-20'),
(548, 12, 60, 8, 'A', '3', '2020-01-20', '2020-01-20'),
(549, 2, 61, 8, 'B', '0', '2020-01-20', '2020-01-20'),
(550, 2, 62, 8, 'B', '0', '2020-01-20', '2020-01-20'),
(551, 2, 63, 8, 'B', '0', '2020-01-20', '2020-01-20'),
(552, 2, 64, 8, 'B', '0', '2020-01-20', '2020-01-20'),
(553, 13, 25, 8, 'A', '3', '2020-01-20', '2020-01-20'),
(554, 13, 26, 8, 'A', '3', '2020-01-20', '2020-01-20'),
(555, 13, 27, 8, 'A', '3', '2020-01-20', '2020-01-20'),
(556, 13, 28, 8, 'A', '3', '2020-01-20', '2020-01-20'),
(557, 11, 9, 8, 'A', '3', '2020-01-20', '2020-01-20'),
(558, 11, 10, 8, 'B', '0', '2020-01-20', '2020-01-20'),
(559, 11, 11, 8, 'Z', '0', '2020-01-20', '2020-01-20'),
(560, 11, 12, 8, 'A', '3', '2020-01-20', '2020-01-20'),
(561, 11, 13, 8, 'B', '0', '2020-01-20', '2020-01-20'),
(562, 11, 14, 8, 'A', '3', '2020-01-20', '2020-01-20'),
(563, 11, 15, 8, 'A', '3', '2020-01-20', '2020-01-20'),
(564, 11, 16, 8, 'B', '0', '2020-01-20', '2020-01-20'),
(565, 4, 37, 8, 'B', '0', '2020-01-20', '2020-01-20'),
(566, 4, 38, 8, 'B', '0', '2020-01-20', '2020-01-20'),
(567, 4, 39, 8, 'A', '3', '2020-01-20', '2020-01-20'),
(568, 4, 40, 8, 'B', '0', '2020-01-20', '2020-01-20'),
(569, 14, 41, 8, 'A', '3', '2020-01-20', '2020-01-20'),
(570, 14, 42, 8, 'A', '3', '2020-01-20', '2020-01-20'),
(571, 14, 43, 8, 'A', '3', '2020-01-20', '2020-01-20'),
(572, 14, 44, 8, 'A', '3', '2020-01-20', '2020-01-20'),
(573, 14, 45, 8, 'A', '3', '2020-01-20', '2020-01-20'),
(574, 14, 46, 8, 'A', '3', '2020-01-20', '2020-01-20'),
(575, 14, 47, 8, 'A', '3', '2020-01-20', '2020-01-20'),
(576, 14, 48, 8, 'A', '3', '2020-01-20', '2020-01-20'),
(577, 10, 49, 8, 'A', '3', '2020-01-20', '2020-01-20'),
(578, 10, 50, 8, 'B', '0', '2020-01-20', '2020-01-20'),
(579, 10, 51, 8, 'A', '3', '2020-01-20', '2020-01-20'),
(580, 10, 52, 8, 'A', '3', '2020-01-20', '2020-01-20'),
(581, 10, 53, 8, 'B', '0', '2020-01-20', '2020-01-20'),
(582, 10, 54, 8, 'A', '3', '2020-01-20', '2020-01-20'),
(583, 10, 55, 8, 'A', '3', '2020-01-20', '2020-01-20'),
(584, 10, 56, 8, 'B', '0', '2020-01-20', '2020-01-20'),
(585, 9, 65, 8, 'B', '0', '2020-01-20', '2020-01-20'),
(586, 9, 66, 8, 'A', '3', '2020-01-20', '2020-01-20'),
(587, 9, 67, 8, 'A', '3', '2020-01-20', '2020-01-20'),
(588, 9, 68, 8, 'A', '3', '2020-01-20', '2020-01-20'),
(589, 9, 69, 8, 'B', '0', '2020-01-20', '2020-01-20'),
(590, 9, 70, 8, 'A', '3', '2020-01-20', '2020-01-20'),
(591, 9, 71, 8, 'B', '0', '2020-01-20', '2020-01-20'),
(592, 9, 72, 8, 'B', '0', '2020-01-20', '2020-01-20'),
(593, 7, 1, 8, 'A', '3', '2020-01-20', '2020-01-20'),
(594, 7, 2, 8, 'A', '3', '2020-01-20', '2020-01-20'),
(595, 7, 3, 8, 'A', '3', '2020-01-20', '2020-01-20'),
(596, 7, 4, 8, 'B', '0', '2020-01-20', '2020-01-20'),
(597, 7, 5, 8, 'A', '3', '2020-01-20', '2020-01-20'),
(598, 7, 6, 8, 'B', '0', '2020-01-20', '2020-01-20'),
(599, 7, 7, 8, 'B', '0', '2020-01-20', '2020-01-20'),
(600, 7, 8, 8, 'B', '0', '2020-01-20', '2020-01-20'),
(601, 3, 29, 8, 'A', '3', '2020-01-20', '2020-01-20'),
(602, 3, 30, 8, 'A', '3', '2020-01-20', '2020-01-20'),
(603, 3, 31, 8, 'B', '0', '2020-01-20', '2020-01-20'),
(604, 3, 32, 8, 'A', '3', '2020-01-20', '2020-01-20'),
(605, 8, 73, 9, 'A', '3', '2020-01-20', '2020-01-20'),
(606, 8, 74, 9, 'A', '3', '2020-01-20', '2020-01-20'),
(607, 9, 65, 9, 'A', '3', '2020-01-20', '2020-01-20'),
(608, 9, 66, 9, 'A', '3', '2020-01-20', '2020-01-20'),
(609, 9, 67, 9, 'A', '3', '2020-01-20', '2020-01-20'),
(610, 9, 68, 9, 'A', '3', '2020-01-20', '2020-01-20'),
(611, 9, 69, 9, 'A', '3', '2020-01-20', '2020-01-20'),
(612, 9, 70, 9, 'A', '3', '2020-01-20', '2020-01-20'),
(613, 9, 71, 9, 'A', '3', '2020-01-20', '2020-01-20'),
(614, 9, 72, 9, 'A', '3', '2020-01-20', '2020-01-20'),
(615, 12, 57, 9, 'A', '3', '2020-01-20', '2020-01-20'),
(616, 12, 58, 9, 'B', '0', '2020-01-20', '2020-01-20'),
(617, 12, 59, 9, 'B', '0', '2020-01-20', '2020-01-20'),
(618, 12, 60, 9, 'A', '3', '2020-01-20', '2020-01-20'),
(619, 13, 25, 9, 'B', '0', '2020-01-20', '2020-01-20'),
(620, 13, 26, 9, 'A', '3', '2020-01-20', '2020-01-20'),
(621, 13, 27, 9, 'B', '0', '2020-01-20', '2020-01-20'),
(622, 13, 28, 9, 'A', '3', '2020-01-20', '2020-01-20'),
(623, 5, 17, 9, 'B', '0', '2020-01-20', '2020-01-20'),
(624, 5, 18, 9, 'A', '3', '2020-01-20', '2020-01-20'),
(625, 5, 19, 9, 'B', '0', '2020-01-20', '2020-01-20'),
(626, 5, 20, 9, 'A', '3', '2020-01-20', '2020-01-20'),
(627, 5, 21, 9, 'B', '0', '2020-01-20', '2020-01-20'),
(628, 5, 22, 9, 'A', '3', '2020-01-20', '2020-01-20'),
(629, 5, 23, 9, 'A', '3', '2020-01-20', '2020-01-20'),
(630, 5, 24, 9, 'B', '0', '2020-01-20', '2020-01-20'),
(631, 2, 61, 9, 'B', '0', '2020-01-20', '2020-01-20'),
(632, 2, 62, 9, 'A', '3', '2020-01-20', '2020-01-20'),
(633, 2, 63, 9, 'B', '0', '2020-01-20', '2020-01-20'),
(634, 2, 64, 9, 'A', '3', '2020-01-20', '2020-01-20'),
(635, 15, 33, 9, 'B', '0', '2020-01-20', '2020-01-20'),
(636, 15, 34, 9, 'B', '0', '2020-01-20', '2020-01-20'),
(637, 15, 35, 9, 'B', '0', '2020-01-20', '2020-01-20'),
(638, 15, 36, 9, 'A', '3', '2020-01-20', '2020-01-20'),
(639, 4, 37, 9, 'A', '3', '2020-01-20', '2020-01-20'),
(640, 4, 38, 9, 'B', '0', '2020-01-20', '2020-01-20'),
(641, 4, 39, 9, 'B', '0', '2020-01-20', '2020-01-20'),
(642, 4, 40, 9, 'Z', '0', '2020-01-20', '2020-01-20'),
(643, 14, 41, 9, 'B', '0', '2020-01-20', '2020-01-20'),
(644, 14, 42, 9, 'B', '0', '2020-01-20', '2020-01-20'),
(645, 14, 43, 9, 'B', '0', '2020-01-20', '2020-01-20'),
(646, 14, 44, 9, 'A', '3', '2020-01-20', '2020-01-20'),
(647, 14, 45, 9, 'A', '3', '2020-01-20', '2020-01-20'),
(648, 14, 46, 9, 'B', '0', '2020-01-20', '2020-01-20'),
(649, 14, 47, 9, 'B', '0', '2020-01-20', '2020-01-20'),
(650, 14, 48, 9, 'B', '0', '2020-01-20', '2020-01-20'),
(651, 11, 9, 9, 'B', '0', '2020-01-20', '2020-01-20'),
(652, 11, 10, 9, 'A', '3', '2020-01-20', '2020-01-20'),
(653, 11, 11, 9, 'Z', '0', '2020-01-20', '2020-01-20'),
(654, 11, 12, 9, 'B', '0', '2020-01-20', '2020-01-20'),
(655, 11, 13, 9, 'A', '3', '2020-01-20', '2020-01-20'),
(656, 11, 14, 9, 'B', '0', '2020-01-20', '2020-01-20'),
(657, 11, 15, 9, 'A', '3', '2020-01-20', '2020-01-20'),
(658, 11, 16, 9, 'B', '0', '2020-01-20', '2020-01-20'),
(659, 3, 29, 9, 'B', '0', '2020-01-20', '2020-01-20'),
(660, 3, 30, 9, 'A', '3', '2020-01-20', '2020-01-20'),
(661, 3, 31, 9, 'A', '3', '2020-01-20', '2020-01-20'),
(662, 3, 32, 9, 'B', '0', '2020-01-20', '2020-01-20'),
(663, 10, 49, 9, 'A', '3', '2020-01-20', '2020-01-20'),
(664, 10, 50, 9, 'A', '3', '2020-01-20', '2020-01-20'),
(665, 10, 51, 9, 'B', '0', '2020-01-20', '2020-01-20'),
(666, 10, 52, 9, 'B', '0', '2020-01-20', '2020-01-20'),
(667, 10, 53, 9, 'B', '0', '2020-01-20', '2020-01-20'),
(668, 10, 54, 9, 'B', '0', '2020-01-20', '2020-01-20'),
(669, 10, 55, 9, 'A', '3', '2020-01-20', '2020-01-20'),
(670, 10, 56, 9, 'B', '0', '2020-01-20', '2020-01-20'),
(671, 7, 1, 9, 'A', '3', '2020-01-20', '2020-01-20'),
(672, 7, 2, 9, 'A', '3', '2020-01-20', '2020-01-20'),
(673, 7, 3, 9, 'A', '3', '2020-01-20', '2020-01-20'),
(674, 7, 4, 9, 'B', '0', '2020-01-20', '2020-01-20'),
(675, 7, 5, 9, 'A', '3', '2020-01-20', '2020-01-20'),
(676, 7, 6, 9, 'A', '3', '2020-01-20', '2020-01-20'),
(677, 7, 7, 9, 'A', '3', '2020-01-20', '2020-01-20'),
(678, 7, 8, 9, 'A', '3', '2020-01-20', '2020-01-20'),
(679, 9, 65, 9, 'A', '3', '2020-01-20', '2020-01-20'),
(680, 9, 66, 9, 'A', '3', '2020-01-20', '2020-01-20'),
(681, 9, 67, 9, 'A', '3', '2020-01-20', '2020-01-20'),
(682, 9, 68, 9, 'A', '3', '2020-01-20', '2020-01-20'),
(683, 9, 69, 9, 'A', '3', '2020-01-20', '2020-01-20'),
(684, 9, 70, 9, 'A', '3', '2020-01-20', '2020-01-20'),
(685, 9, 71, 9, 'A', '3', '2020-01-20', '2020-01-20'),
(686, 9, 72, 9, 'A', '3', '2020-01-20', '2020-01-20'),
(687, 9, 65, 10, 'B', '3', '2020-01-20', '2020-01-20'),
(688, 9, 66, 10, 'B', '3', '2020-01-20', '2020-01-20'),
(689, 9, 67, 10, 'B', '3', '2020-01-20', '2020-01-20'),
(690, 9, 68, 10, 'B', '3', '2020-01-20', '2020-01-20'),
(691, 9, 69, 10, 'B', '3', '2020-01-20', '2020-01-20'),
(692, 9, 70, 10, 'B', '3', '2020-01-20', '2020-01-20'),
(693, 9, 71, 10, 'B', '3', '2020-01-20', '2020-01-20'),
(694, 9, 72, 10, 'B', '3', '2020-01-20', '2020-01-20'),
(695, 8, 73, 10, 'Z', '0', '2020-01-20', '2020-01-20'),
(696, 8, 74, 10, 'B', '3', '2020-01-20', '2020-01-20'),
(697, 12, 57, 10, 'B', '3', '2020-01-20', '2020-01-20'),
(698, 12, 58, 10, 'B', '3', '2020-01-20', '2020-01-20'),
(699, 12, 59, 10, 'B', '3', '2020-01-20', '2020-01-20'),
(700, 12, 60, 10, 'A', '0', '2020-01-20', '2020-01-20'),
(701, 5, 17, 10, 'A', '0', '2020-01-20', '2020-01-20'),
(702, 5, 18, 10, 'B', '3', '2020-01-20', '2020-01-20'),
(703, 5, 19, 10, 'A', '0', '2020-01-20', '2020-01-20'),
(704, 5, 20, 10, 'B', '3', '2020-01-20', '2020-01-20'),
(705, 5, 21, 10, 'A', '0', '2020-01-20', '2020-01-20'),
(706, 5, 22, 10, 'B', '3', '2020-01-20', '2020-01-20'),
(707, 5, 23, 10, 'B', '3', '2020-01-20', '2020-01-20'),
(708, 5, 24, 10, 'B', '3', '2020-01-20', '2020-01-20'),
(709, 13, 25, 10, 'B', '3', '2020-01-20', '2020-01-20'),
(710, 13, 26, 10, 'B', '3', '2020-01-20', '2020-01-20'),
(711, 13, 27, 10, 'B', '3', '2020-01-20', '2020-01-20'),
(712, 13, 28, 10, 'B', '3', '2020-01-20', '2020-01-20'),
(713, 15, 33, 10, 'B', '3', '2020-01-20', '2020-01-20'),
(714, 15, 34, 10, 'B', '3', '2020-01-20', '2020-01-20'),
(715, 15, 35, 10, 'B', '3', '2020-01-20', '2020-01-20'),
(716, 15, 36, 10, 'B', '3', '2020-01-20', '2020-01-20'),
(717, 2, 61, 10, 'A', '0', '2020-01-20', '2020-01-20'),
(718, 2, 62, 10, 'B', '3', '2020-01-20', '2020-01-20'),
(719, 2, 63, 10, 'B', '3', '2020-01-20', '2020-01-20'),
(720, 2, 64, 10, 'B', '3', '2020-01-20', '2020-01-20'),
(721, 11, 9, 10, 'A', '0', '2020-01-20', '2020-01-20'),
(722, 11, 10, 10, 'A', '0', '2020-01-20', '2020-01-20'),
(723, 11, 11, 10, 'A', '0', '2020-01-20', '2020-01-20'),
(724, 11, 12, 10, 'B', '3', '2020-01-20', '2020-01-20'),
(725, 11, 13, 10, 'A', '0', '2020-01-20', '2020-01-20'),
(726, 11, 14, 10, 'B', '3', '2020-01-20', '2020-01-20'),
(727, 11, 15, 10, 'B', '3', '2020-01-20', '2020-01-20'),
(728, 11, 16, 10, 'A', '0', '2020-01-20', '2020-01-20'),
(729, 14, 41, 10, 'B', '3', '2020-01-20', '2020-01-20'),
(730, 14, 42, 10, 'B', '3', '2020-01-20', '2020-01-20'),
(731, 14, 43, 10, 'B', '3', '2020-01-20', '2020-01-20'),
(732, 14, 44, 10, 'B', '3', '2020-01-20', '2020-01-20'),
(733, 14, 45, 10, 'B', '3', '2020-01-20', '2020-01-20'),
(734, 14, 46, 10, 'B', '3', '2020-01-20', '2020-01-20'),
(735, 14, 47, 10, 'B', '3', '2020-01-20', '2020-01-20'),
(736, 14, 48, 10, 'B', '3', '2020-01-20', '2020-01-20'),
(737, 3, 29, 10, 'B', '3', '2020-01-20', '2020-01-20'),
(738, 3, 30, 10, 'A', '0', '2020-01-20', '2020-01-20'),
(739, 3, 31, 10, 'B', '3', '2020-01-20', '2020-01-20'),
(740, 3, 32, 10, 'B', '3', '2020-01-20', '2020-01-20'),
(741, 10, 49, 10, 'B', '3', '2020-01-20', '2020-01-20'),
(742, 10, 50, 10, 'B', '3', '2020-01-20', '2020-01-20'),
(743, 10, 51, 10, 'A', '0', '2020-01-20', '2020-01-20'),
(744, 10, 52, 10, 'A', '0', '2020-01-20', '2020-01-20'),
(745, 10, 53, 10, 'B', '3', '2020-01-20', '2020-01-20'),
(746, 10, 54, 10, 'A', '0', '2020-01-20', '2020-01-20'),
(747, 10, 55, 10, 'B', '3', '2020-01-20', '2020-01-20'),
(748, 10, 56, 10, 'A', '0', '2020-01-20', '2020-01-20'),
(749, 7, 1, 10, 'A', '0', '2020-01-20', '2020-01-20'),
(750, 7, 2, 10, 'A', '0', '2020-01-20', '2020-01-20'),
(751, 7, 3, 10, 'A', '0', '2020-01-20', '2020-01-20'),
(752, 7, 4, 10, 'B', '3', '2020-01-20', '2020-01-20'),
(753, 7, 5, 10, 'B', '3', '2020-01-20', '2020-01-20'),
(754, 7, 6, 10, 'B', '3', '2020-01-20', '2020-01-20'),
(755, 7, 7, 10, 'B', '3', '2020-01-20', '2020-01-20'),
(756, 7, 8, 10, 'B', '3', '2020-01-20', '2020-01-20'),
(757, 4, 37, 10, 'A', '0', '2020-01-20', '2020-01-20'),
(758, 4, 38, 10, 'A', '0', '2020-01-20', '2020-01-20'),
(759, 4, 39, 10, 'B', '3', '2020-01-20', '2020-01-20'),
(760, 4, 40, 10, 'Z', '0', '2020-01-20', '2020-01-20'),
(761, 13, 25, 10, 'B', '3', '2020-01-20', '2020-01-20'),
(762, 13, 26, 10, 'B', '3', '2020-01-20', '2020-01-20'),
(763, 13, 27, 10, 'B', '3', '2020-01-20', '2020-01-20'),
(764, 13, 28, 10, 'B', '3', '2020-01-20', '2020-01-20'),
(765, 9, 65, 11, 'B', '3', '2020-01-20', '2020-01-20'),
(766, 9, 66, 11, 'B', '3', '2020-01-20', '2020-01-20'),
(767, 9, 67, 11, 'B', '3', '2020-01-20', '2020-01-20'),
(768, 9, 68, 11, 'B', '3', '2020-01-20', '2020-01-20'),
(769, 9, 69, 11, 'B', '3', '2020-01-20', '2020-01-20'),
(770, 9, 70, 11, 'B', '3', '2020-01-20', '2020-01-20'),
(771, 9, 71, 11, 'B', '3', '2020-01-20', '2020-01-20'),
(772, 9, 72, 11, 'B', '3', '2020-01-20', '2020-01-20'),
(773, 8, 73, 11, 'B', '3', '2020-01-20', '2020-01-20'),
(774, 8, 74, 11, 'Z', '0', '2020-01-20', '2020-01-20'),
(775, 14, 41, 11, 'B', '3', '2020-01-20', '2020-01-20'),
(776, 14, 42, 11, 'B', '3', '2020-01-20', '2020-01-20'),
(777, 14, 43, 11, 'B', '3', '2020-01-20', '2020-01-20'),
(778, 14, 44, 11, 'B', '3', '2020-01-20', '2020-01-20'),
(779, 14, 45, 11, 'B', '3', '2020-01-20', '2020-01-20'),
(780, 14, 46, 11, 'B', '3', '2020-01-20', '2020-01-20'),
(781, 14, 47, 11, 'B', '3', '2020-01-20', '2020-01-20'),
(782, 14, 48, 11, 'A', '0', '2020-01-20', '2020-01-20'),
(783, 5, 17, 11, 'B', '3', '2020-01-20', '2020-01-20'),
(784, 5, 18, 11, 'B', '3', '2020-01-20', '2020-01-20'),
(785, 5, 19, 11, 'A', '0', '2020-01-20', '2020-01-20'),
(786, 5, 20, 11, 'B', '3', '2020-01-20', '2020-01-20'),
(787, 5, 21, 11, 'A', '0', '2020-01-20', '2020-01-20'),
(788, 5, 22, 11, 'B', '3', '2020-01-20', '2020-01-20'),
(789, 5, 23, 11, 'B', '3', '2020-01-20', '2020-01-20'),
(790, 5, 24, 11, 'B', '3', '2020-01-20', '2020-01-20'),
(791, 2, 61, 11, 'A', '0', '2020-01-20', '2020-01-20'),
(792, 2, 62, 11, 'A', '0', '2020-01-20', '2020-01-20'),
(793, 2, 63, 11, 'A', '0', '2020-01-20', '2020-01-20'),
(794, 2, 64, 11, 'B', '3', '2020-01-20', '2020-01-20'),
(795, 12, 57, 11, 'A', '0', '2020-01-20', '2020-01-20'),
(796, 12, 58, 11, 'B', '3', '2020-01-20', '2020-01-20'),
(797, 12, 59, 11, 'A', '0', '2020-01-20', '2020-01-20'),
(798, 12, 60, 11, 'B', '3', '2020-01-20', '2020-01-20'),
(799, 11, 9, 11, 'A', '0', '2020-01-20', '2020-01-20'),
(800, 11, 10, 11, 'A', '0', '2020-01-20', '2020-01-20'),
(801, 11, 11, 11, 'B', '3', '2020-01-20', '2020-01-20'),
(802, 11, 12, 11, 'B', '3', '2020-01-20', '2020-01-20'),
(803, 11, 13, 11, 'B', '3', '2020-01-20', '2020-01-20'),
(804, 11, 14, 11, 'B', '3', '2020-01-20', '2020-01-20'),
(805, 11, 15, 11, 'A', '0', '2020-01-20', '2020-01-20'),
(806, 11, 16, 11, 'A', '0', '2020-01-20', '2020-01-20'),
(807, 10, 49, 11, 'A', '0', '2020-01-20', '2020-01-20'),
(808, 10, 50, 11, 'B', '3', '2020-01-20', '2020-01-20'),
(809, 10, 51, 11, 'B', '3', '2020-01-20', '2020-01-20'),
(810, 10, 52, 11, 'A', '0', '2020-01-20', '2020-01-20'),
(811, 10, 53, 11, 'B', '3', '2020-01-20', '2020-01-20'),
(812, 10, 54, 11, 'B', '3', '2020-01-20', '2020-01-20'),
(813, 10, 55, 11, 'B', '3', '2020-01-20', '2020-01-20'),
(814, 10, 56, 11, 'B', '3', '2020-01-20', '2020-01-20'),
(815, 13, 25, 11, 'A', '0', '2020-01-20', '2020-01-20'),
(816, 13, 26, 11, 'B', '3', '2020-01-20', '2020-01-20'),
(817, 13, 27, 11, 'Z', '0', '2020-01-20', '2020-01-20'),
(818, 13, 28, 11, 'B', '3', '2020-01-20', '2020-01-20'),
(819, 7, 1, 11, 'A', '0', '2020-01-20', '2020-01-20'),
(820, 7, 2, 11, 'A', '0', '2020-01-20', '2020-01-20'),
(821, 7, 3, 11, 'A', '0', '2020-01-20', '2020-01-20'),
(822, 7, 4, 11, 'B', '3', '2020-01-20', '2020-01-20'),
(823, 7, 5, 11, 'A', '0', '2020-01-20', '2020-01-20'),
(824, 7, 6, 11, 'A', '0', '2020-01-20', '2020-01-20'),
(825, 7, 7, 11, 'B', '3', '2020-01-20', '2020-01-20'),
(826, 7, 8, 11, 'B', '3', '2020-01-20', '2020-01-20'),
(827, 15, 33, 11, 'A', '0', '2020-01-20', '2020-01-20'),
(828, 15, 34, 11, 'B', '3', '2020-01-20', '2020-01-20'),
(829, 15, 35, 11, 'B', '3', '2020-01-20', '2020-01-20'),
(830, 15, 36, 11, 'A', '0', '2020-01-20', '2020-01-20'),
(831, 4, 37, 11, 'B', '3', '2020-01-20', '2020-01-20'),
(832, 4, 38, 11, 'A', '0', '2020-01-20', '2020-01-20'),
(833, 4, 39, 11, 'B', '3', '2020-01-20', '2020-01-20'),
(834, 4, 40, 11, 'Z', '0', '2020-01-20', '2020-01-20'),
(835, 3, 29, 11, 'A', '0', '2020-01-20', '2020-01-20'),
(836, 3, 30, 11, 'A', '0', '2020-01-20', '2020-01-20'),
(837, 3, 31, 11, 'A', '0', '2020-01-20', '2020-01-20'),
(838, 3, 32, 11, 'A', '0', '2020-01-20', '2020-01-20'),
(839, 8, 73, 12, 'A', '3', '2020-01-20', '2020-01-20'),
(840, 8, 74, 12, 'A', '3', '2020-01-20', '2020-01-20'),
(841, 5, 17, 12, 'B', '0', '2020-01-20', '2020-01-20'),
(842, 5, 18, 12, 'A', '3', '2020-01-20', '2020-01-20'),
(843, 5, 19, 12, 'B', '0', '2020-01-20', '2020-01-20'),
(844, 5, 20, 12, 'A', '3', '2020-01-20', '2020-01-20'),
(845, 5, 21, 12, 'B', '0', '2020-01-20', '2020-01-20'),
(846, 5, 22, 12, 'A', '3', '2020-01-20', '2020-01-20'),
(847, 5, 23, 12, 'B', '0', '2020-01-20', '2020-01-20'),
(848, 5, 24, 12, 'A', '3', '2020-01-20', '2020-01-20'),
(849, 12, 57, 12, 'B', '0', '2020-01-20', '2020-01-20'),
(850, 12, 58, 12, 'A', '3', '2020-01-20', '2020-01-20'),
(851, 12, 59, 12, 'Z', '0', '2020-01-20', '2020-01-20'),
(852, 12, 60, 12, 'B', '0', '2020-01-20', '2020-01-20'),
(853, 14, 41, 12, 'A', '3', '2020-01-20', '2020-01-20'),
(854, 14, 42, 12, 'A', '3', '2020-01-20', '2020-01-20'),
(855, 14, 43, 12, 'A', '3', '2020-01-20', '2020-01-20'),
(856, 14, 44, 12, 'B', '0', '2020-01-20', '2020-01-20'),
(857, 14, 45, 12, 'B', '0', '2020-01-20', '2020-01-20'),
(858, 14, 46, 12, 'A', '3', '2020-01-20', '2020-01-20'),
(859, 14, 47, 12, 'A', '3', '2020-01-20', '2020-01-20'),
(860, 14, 48, 12, 'A', '3', '2020-01-20', '2020-01-20'),
(861, 9, 65, 12, 'A', '3', '2020-01-20', '2020-01-20'),
(862, 9, 66, 12, 'B', '0', '2020-01-20', '2020-01-20'),
(863, 9, 67, 12, 'A', '3', '2020-01-20', '2020-01-20'),
(864, 9, 68, 12, 'B', '0', '2020-01-20', '2020-01-20'),
(865, 9, 69, 12, 'A', '3', '2020-01-20', '2020-01-20'),
(866, 9, 70, 12, 'B', '0', '2020-01-20', '2020-01-20'),
(867, 9, 71, 12, 'A', '3', '2020-01-20', '2020-01-20'),
(868, 9, 72, 12, 'B', '0', '2020-01-20', '2020-01-20'),
(869, 15, 33, 12, 'B', '0', '2020-01-20', '2020-01-20'),
(870, 15, 34, 12, 'A', '3', '2020-01-20', '2020-01-20'),
(871, 15, 35, 12, 'A', '3', '2020-01-20', '2020-01-20'),
(872, 15, 36, 12, 'A', '3', '2020-01-20', '2020-01-20'),
(873, 13, 25, 12, 'A', '3', '2020-01-20', '2020-01-20'),
(874, 13, 26, 12, 'B', '0', '2020-01-20', '2020-01-20'),
(875, 13, 27, 12, 'B', '0', '2020-01-20', '2020-01-20'),
(876, 13, 28, 12, 'A', '3', '2020-01-20', '2020-01-20'),
(877, 2, 61, 12, 'A', '3', '2020-01-20', '2020-01-20'),
(878, 2, 62, 12, 'A', '3', '2020-01-20', '2020-01-20'),
(879, 2, 63, 12, 'B', '0', '2020-01-20', '2020-01-20'),
(880, 2, 64, 12, 'B', '0', '2020-01-20', '2020-01-20'),
(881, 11, 9, 12, 'B', '0', '2020-01-20', '2020-01-20'),
(882, 11, 10, 12, 'A', '3', '2020-01-20', '2020-01-20'),
(883, 11, 11, 12, 'A', '3', '2020-01-20', '2020-01-20'),
(884, 11, 12, 12, 'A', '3', '2020-01-20', '2020-01-20'),
(885, 11, 13, 12, 'B', '0', '2020-01-20', '2020-01-20'),
(886, 11, 14, 12, 'A', '3', '2020-01-20', '2020-01-20'),
(887, 11, 15, 12, 'Z', '0', '2020-01-20', '2020-01-20'),
(888, 11, 16, 12, 'A', '3', '2020-01-20', '2020-01-20'),
(889, 7, 1, 12, 'A', '3', '2020-01-20', '2020-01-20'),
(890, 7, 2, 12, 'A', '3', '2020-01-20', '2020-01-20'),
(891, 7, 3, 12, 'A', '3', '2020-01-20', '2020-01-20'),
(892, 7, 4, 12, 'A', '3', '2020-01-20', '2020-01-20'),
(893, 7, 5, 12, 'A', '3', '2020-01-20', '2020-01-20'),
(894, 7, 6, 12, 'A', '3', '2020-01-20', '2020-01-20'),
(895, 7, 7, 12, 'A', '3', '2020-01-20', '2020-01-20'),
(896, 7, 8, 12, 'A', '3', '2020-01-20', '2020-01-20'),
(897, 10, 49, 12, 'B', '0', '2020-01-20', '2020-01-20'),
(898, 10, 50, 12, 'A', '3', '2020-01-20', '2020-01-20'),
(899, 10, 51, 12, 'A', '3', '2020-01-20', '2020-01-20'),
(900, 10, 52, 12, 'A', '3', '2020-01-20', '2020-01-20'),
(901, 10, 53, 12, 'B', '0', '2020-01-20', '2020-01-20'),
(902, 10, 54, 12, 'B', '0', '2020-01-20', '2020-01-20'),
(903, 10, 55, 12, 'A', '3', '2020-01-20', '2020-01-20'),
(904, 10, 56, 12, 'A', '3', '2020-01-20', '2020-01-20'),
(905, 3, 29, 12, 'B', '0', '2020-01-20', '2020-01-20'),
(906, 3, 30, 12, 'B', '0', '2020-01-20', '2020-01-20'),
(907, 3, 31, 12, 'B', '0', '2020-01-20', '2020-01-20'),
(908, 3, 32, 12, 'B', '0', '2020-01-20', '2020-01-20'),
(909, 4, 37, 12, 'B', '0', '2020-01-20', '2020-01-20'),
(910, 4, 38, 12, 'B', '0', '2020-01-20', '2020-01-20'),
(911, 4, 39, 12, 'A', '3', '2020-01-20', '2020-01-20'),
(912, 4, 40, 12, 'B', '0', '2020-01-20', '2020-01-20'),
(913, 2, 61, 12, 'A', '3', '2020-01-20', '2020-01-20'),
(914, 2, 62, 12, 'B', '0', '2020-01-20', '2020-01-20'),
(915, 2, 63, 12, 'A', '3', '2020-01-20', '2020-01-20'),
(916, 2, 64, 12, 'B', '0', '2020-01-20', '2020-01-20'),
(917, 8, 74, 31, 'B', '-1', '2020-01-20', '2020-01-20'),
(918, 4, 39, 31, 'C', '-1', '2020-01-20', '2020-01-20'),
(919, 7, 1, 31, 'A', '3', '2020-01-20', '2020-01-20'),
(920, 7, 2, 31, 'B', '-1', '2020-01-20', '2020-01-20'),
(921, 7, 4, 31, 'D', '-1', '2020-01-20', '2020-01-20'),
(922, 7, 6, 31, 'C', '-1', '2020-01-20', '2020-01-20'),
(923, 7, 7, 31, 'B', '-1', '2020-01-20', '2020-01-20'),
(924, 7, 8, 31, 'B', '-1', '2020-01-20', '2020-01-20'),
(925, 15, 36, 31, 'B', '-1', '2020-01-20', '2020-01-20'),
(926, 12, 57, 32, 'C', '-1', '2020-01-20', '2020-01-20'),
(927, 12, 58, 32, 'B', '3', '2020-01-20', '2020-01-20'),
(928, 3, 25, 32, 'A', '-1', '2020-01-20', '2020-01-20'),
(929, 3, 26, 32, 'A', '-1', '2020-01-20', '2020-01-20'),
(930, 14, 41, 32, 'A', '-1', '2020-01-20', '2020-01-20'),
(931, 8, 74, 32, 'C', '-1', '2020-01-20', '2020-01-20');
INSERT INTO `transaction_logs` (`id`, `user_id`, `participant_id`, `question_id`, `answer`, `calc`, `updated_at`, `created_at`) VALUES
(932, 15, 36, 32, 'B', '3', '2020-01-20', '2020-01-20'),
(933, 11, 12, 32, 'A', '-1', '2020-01-20', '2020-01-20'),
(934, 12, 57, 32, 'B', '3', '2020-01-20', '2020-01-20'),
(935, 12, 58, 32, 'D', '-1', '2020-01-20', '2020-01-20'),
(936, 4, 39, 32, 'D', '-1', '2020-01-20', '2020-01-20'),
(937, 7, 1, 32, 'A', '-1', '2020-01-20', '2020-01-20'),
(938, 7, 2, 32, 'A', '-1', '2020-01-20', '2020-01-20'),
(939, 7, 4, 32, 'A', '-1', '2020-01-20', '2020-01-20'),
(940, 7, 6, 32, 'A', '-1', '2020-01-20', '2020-01-20'),
(941, 7, 7, 32, 'A', '-1', '2020-01-20', '2020-01-20'),
(942, 7, 8, 32, 'A', '-1', '2020-01-20', '2020-01-20'),
(943, 14, 41, 32, 'A', '-1', '2020-01-20', '2020-01-20'),
(944, 5, 22, 32, 'B', '3', '2020-01-20', '2020-01-20'),
(945, 3, 25, 32, 'B', '3', '2020-01-20', '2020-01-20'),
(946, 3, 26, 32, 'B', '3', '2020-01-20', '2020-01-20'),
(947, 4, 39, 32, 'D', '-1', '2020-01-20', '2020-01-20'),
(948, 10, 49, 32, 'D', '-1', '2020-01-20', '2020-01-20'),
(949, 10, 50, 32, 'A', '-1', '2020-01-20', '2020-01-20'),
(950, 10, 55, 32, 'D', '-1', '2020-01-20', '2020-01-20'),
(951, 15, 36, 33, 'A', '-1', '2020-01-20', '2020-01-20'),
(952, 8, 74, 33, 'A', '-1', '2020-01-20', '2020-01-20'),
(953, 12, 57, 33, 'B', '-1', '2020-01-20', '2020-01-20'),
(954, 12, 58, 33, 'B', '-1', '2020-01-20', '2020-01-20'),
(955, 14, 41, 33, 'A', '-1', '2020-01-20', '2020-01-20'),
(956, 5, 22, 33, 'D', '-1', '2020-01-20', '2020-01-20'),
(957, 3, 25, 33, 'C', '3', '2020-01-20', '2020-01-20'),
(958, 3, 26, 33, 'C', '3', '2020-01-20', '2020-01-20'),
(959, 11, 12, 33, 'D', '-1', '2020-01-20', '2020-01-20'),
(960, 7, 1, 33, 'B', '-1', '2020-01-20', '2020-01-20'),
(961, 7, 2, 33, 'B', '-1', '2020-01-20', '2020-01-20'),
(962, 7, 4, 33, 'C', '3', '2020-01-20', '2020-01-20'),
(963, 7, 6, 33, 'C', '3', '2020-01-20', '2020-01-20'),
(964, 7, 7, 33, 'C', '3', '2020-01-20', '2020-01-20'),
(965, 7, 8, 33, 'A', '-1', '2020-01-20', '2020-01-20'),
(966, 4, 39, 33, 'C', '3', '2020-01-20', '2020-01-20'),
(967, 10, 49, 33, 'C', '3', '2020-01-20', '2020-01-20'),
(968, 10, 50, 33, 'C', '3', '2020-01-20', '2020-01-20'),
(969, 10, 55, 33, 'B', '-1', '2020-01-20', '2020-01-20'),
(970, 8, 74, 34, 'D', '-1', '2020-01-20', '2020-01-20'),
(971, 15, 36, 34, 'C', '3', '2020-01-20', '2020-01-20'),
(972, 11, 12, 34, 'C', '3', '2020-01-20', '2020-01-20'),
(973, 14, 41, 34, 'B', '-1', '2020-01-20', '2020-01-20'),
(974, 5, 22, 34, 'D', '-1', '2020-01-20', '2020-01-20'),
(975, 12, 57, 34, 'A', '-1', '2020-01-20', '2020-01-20'),
(976, 12, 58, 34, 'D', '-1', '2020-01-20', '2020-01-20'),
(977, 3, 25, 34, 'C', '3', '2020-01-20', '2020-01-20'),
(978, 3, 26, 34, 'C', '3', '2020-01-20', '2020-01-20'),
(979, 4, 39, 34, 'D', '-1', '2020-01-20', '2020-01-20'),
(980, 7, 1, 34, 'A', '-1', '2020-01-20', '2020-01-20'),
(981, 7, 2, 34, 'A', '-1', '2020-01-20', '2020-01-20'),
(982, 7, 4, 34, 'A', '-1', '2020-01-20', '2020-01-20'),
(983, 7, 6, 34, 'A', '-1', '2020-01-20', '2020-01-20'),
(984, 7, 7, 34, 'A', '-1', '2020-01-20', '2020-01-20'),
(985, 7, 8, 34, 'A', '-1', '2020-01-20', '2020-01-20'),
(986, 10, 49, 34, 'D', '-1', '2020-01-20', '2020-01-20'),
(987, 10, 50, 34, 'D', '-1', '2020-01-20', '2020-01-20'),
(988, 10, 55, 34, 'D', '-1', '2020-01-20', '2020-01-20'),
(989, 8, 74, 35, 'C', '3', '2020-01-20', '2020-01-20'),
(990, 5, 22, 35, 'C', '3', '2020-01-20', '2020-01-20'),
(991, 14, 41, 35, 'C', '3', '2020-01-20', '2020-01-20'),
(992, 12, 57, 35, 'B', '-1', '2020-01-20', '2020-01-20'),
(993, 12, 58, 35, 'C', '3', '2020-01-20', '2020-01-20'),
(994, 3, 25, 35, 'C', '3', '2020-01-20', '2020-01-20'),
(995, 3, 26, 35, 'C', '3', '2020-01-20', '2020-01-20'),
(996, 11, 12, 35, 'A', '-1', '2020-01-20', '2020-01-20'),
(997, 4, 39, 35, 'B', '-1', '2020-01-20', '2020-01-20'),
(998, 15, 36, 35, 'B', '-1', '2020-01-20', '2020-01-20'),
(999, 7, 1, 35, 'C', '3', '2020-01-20', '2020-01-20'),
(1000, 7, 2, 35, 'C', '3', '2020-01-20', '2020-01-20'),
(1001, 7, 4, 35, 'C', '3', '2020-01-20', '2020-01-20'),
(1002, 7, 6, 35, 'D', '-1', '2020-01-20', '2020-01-20'),
(1003, 7, 7, 35, 'D', '-1', '2020-01-20', '2020-01-20'),
(1004, 7, 8, 35, 'C', '3', '2020-01-20', '2020-01-20'),
(1005, 10, 49, 35, 'B', '-1', '2020-01-20', '2020-01-20'),
(1006, 10, 50, 35, 'D', '-1', '2020-01-20', '2020-01-20'),
(1007, 10, 55, 35, 'A', '-1', '2020-01-20', '2020-01-20'),
(1008, 7, 1, 35, 'C', '3', '2020-01-20', '2020-01-20'),
(1009, 7, 2, 35, 'C', '3', '2020-01-20', '2020-01-20'),
(1010, 7, 4, 35, 'C', '3', '2020-01-20', '2020-01-20'),
(1011, 7, 6, 35, 'C', '3', '2020-01-20', '2020-01-20'),
(1012, 7, 7, 35, 'C', '3', '2020-01-20', '2020-01-20'),
(1013, 7, 8, 35, 'C', '3', '2020-01-20', '2020-01-20'),
(1014, 1, 36, 61, NULL, '0', '2020-01-20', '2020-01-20'),
(1015, 5, 7, 61, NULL, '2', '2020-01-20', '2020-01-20'),
(1016, 1, 1, 31, 'Z', '0', '2020-01-20', '2020-01-20'),
(1017, 7, 36, 64, NULL, '5', '2020-01-20', '2020-01-20'),
(1018, 14, 25, 64, NULL, '5', '2020-01-20', '2020-01-20');

-- --------------------------------------------------------

--
-- Table structure for table `users`
--

CREATE TABLE `users` (
  `id` bigint(20) UNSIGNED NOT NULL,
  `name` varchar(255) COLLATE utf8_unicode_ci NOT NULL,
  `email` varchar(255) COLLATE utf8_unicode_ci NOT NULL,
  `password` varchar(255) COLLATE utf8_unicode_ci NOT NULL,
  `role` varchar(255) COLLATE utf8_unicode_ci DEFAULT NULL,
  `remember_token` varchar(100) COLLATE utf8_unicode_ci DEFAULT NULL,
  `created_at` timestamp NULL DEFAULT NULL,
  `updated_at` timestamp NULL DEFAULT NULL
) ENGINE=InnoDB DEFAULT CHARSET=utf8 COLLATE=utf8_unicode_ci;

--
-- Dumping data for table `users`
--

INSERT INTO `users` (`id`, `name`, `email`, `password`, `role`, `remember_token`, `created_at`, `updated_at`) VALUES
(1, 'Admin', 'admin@gmail.com', '$2y$10$WNp84aQoZ8YHnJnnlfczoe/nZjjNbfY5rcYRKwMRW4XJDD3Ifvh5W', 'admin', 'E1TCsNyHWR01A1D1QSaoVeDeqbQZjx8rs9jjPzAUCY5rTa7QhKT80n2hOWJg', '2020-01-17 16:19:09', '2020-01-17 16:19:09'),
(2, 'Reza Hashfi', 'reza_hashfi@yahoo.co.id', '$2y$10$k/H3P2OO90cuaBA10syC5.J8/DzP9MxmHSEqXRFtvs11/R1FbI/9i', 'observer', 'rYrxTL49F0XYpLbollR4s4UNMBEfpZSqMjx2XXuBT3ZJfxoaH7I7HX0QXVb8', '2020-01-20 04:19:24', '2020-01-20 04:19:24'),
(3, 'Muhammad Aditya Fatha', 'syhaditz@gmail.com', '$2y$10$X/G9sTF7rYxRPkJKIf2wPu3raO04vu3FsielPJA.ofA/igbzl4JMa', 'observer', NULL, '2020-01-20 04:21:00', '2020-01-20 04:21:00'),
(4, 'Dhanny', 'dhannysma14@gmail.com', '$2y$10$OKSySBeNnMuQCPHntapgGOI8ycHvLXrIWNfqnAHUgy1mYxIF6T0yi', 'observer', NULL, '2020-01-20 04:37:44', '2020-01-20 04:37:44'),
(5, 'erak', 'erakurnia29@gmail.com', '$2y$10$v6Sl/K2op6qwhDXK3GeLBOpFEruimvnwqa4lE5T84xF4BuWQa1Oe6', 'observer', NULL, '2020-01-20 04:56:06', '2020-01-20 04:56:06'),
(6, 'Annisa Dewi Kusuma W', 'annisadewi2001@gmail.com', '$2y$10$r.QdpO.VJWriykJPJTj1L.a7zJ4aBtNNfF8m1pIvP7wVtdxSLIVva', 'observer', NULL, '2020-01-20 04:56:10', '2020-01-20 04:56:10'),
(7, 'Ana Faradus', '111201811332@mhs.dinus.ac.id', '$2y$10$e6juxvLti3/0ZsXipi3Lfey3Tdt57iJKfbK9hVRE49mfDEEyN4ybW', 'observer', NULL, '2020-01-20 04:56:23', '2020-01-20 04:56:23'),
(8, 'Anisa Lintang', 'anisalintang8@gmail.com', '$2y$10$xCgNNDWQhAYUsUoXzb2D9OHflfF6CZ2l7QTJvAG4RRMx7AEHCU/cy', 'observer', NULL, '2020-01-20 04:56:36', '2020-01-20 04:56:36'),
(9, 'Gabriella', '9h.18.2015.2016@gmail.com', '$2y$10$EyTCzId5bfYp4k4MMnfqYeLRMLf6ime.Gt8T9hPJZHfedP8xImXzK', 'observer', NULL, '2020-01-20 04:56:55', '2020-01-20 04:56:55'),
(10, 'Baihaqi M.', 'baihaqichelsea@gmail.com', '$2y$10$/YQhyofbst4xe4sy4zdye.K30MKyiXVJ733RQXBYo4t3twTqXFOfe', 'observer', NULL, '2020-01-20 04:58:09', '2020-01-20 04:58:09'),
(11, 'Ilham Ilyas Rasyid', 'goober395@gmail.com', '$2y$10$h06mYqITvfnrygIcuur0OelgDhivcOlfaedvcgEhG1BdgfM9HQOSy', 'observer', NULL, '2020-01-20 04:59:32', '2020-01-20 04:59:32'),
(12, 'Cyntia dewi damayanti', 'dcyntia81@gmail.com', '$2y$10$H9xHpt3BR2Ii1V/ZymhqhuervS4NRyEoGOSfoHDD/6iCu2jcQS936', 'observer', NULL, '2020-01-20 05:02:35', '2020-01-20 05:02:35'),
(13, 'Margareta Hanna Elfani', 'elfanih@gmail.com', '$2y$10$dy0jmcH1zb/yUPOAlGa9m.J6g85C.Eio6zSpeaehr0P4ZRdmRml2K', 'observer', NULL, '2020-01-20 05:14:02', '2020-01-20 05:14:02'),
(14, 'Sulistyani', 'sulistyani17.kds@gmail.com', '$2y$10$R7JFBvOY3uDSYIWeC.6xfO1Ta.cPS2/7YzHonr89rAw2tWtolveMS', 'observer', NULL, '2020-01-20 05:23:49', '2020-01-20 05:23:49'),
(15, 'Erna', 'ernarosalina1@gmail.com', '$2y$10$pn63EWf/Jw21xLh5lyupvOFv4LKoOFDEJVdfrSCypouyRMFY.bSvm', 'observer', NULL, '2020-01-20 05:30:56', '2020-01-20 05:30:56'),
(16, 'itc final 8', 'itcfinal8@gmail.com', '$2y$10$V3iQ6b3iutE5q1fuHMbzhuomSzfhOu3mxG58jitMovLrSYeOY7ysS', 'participant', 'vaVXozxoruUbtuMBvRUQtUcx1J4pfTNxDgWrEXN79UJvpaCKpMo3WdLq3PRd', '2020-01-20 06:31:02', '2020-01-20 06:31:02'),
(17, 'itc final 1', 'itcfinal1@gmail.com', '$2y$10$o.7VqiVFRnU559PwEc8pcOPDEsWmwOOzpDUEY17HgEdSqCx5mB6Dq', 'participant', 'DDnNNyuW8TeHpjoBjwLM6H8sdgK4e1Wf40d2JmKL48fWq57C3Jduc5r9oT5C', '2020-01-20 06:31:18', '2020-01-20 06:31:18'),
(18, 'itc final 4', 'itcfinal4@gmail.com', '$2y$10$oF.mgp4ugJPHpwSb1zPcce4oF3IqyXD.owv56xupU5u5p5ii7TuDm', 'participant', 'lFzcUYst31jBIpJGhha36dzMBOQhrze97fSpQSFA9yQErmxmof1ngmpmBfia', '2020-01-20 06:32:23', '2020-01-20 06:32:23'),
(19, 'itc final 5', 'itcfinal5@gmail.com', '$2y$10$xWOxJJf.Js3m3s/5aIqwLe/xlP5D4pJO7qmoKwk6WxDehZqDlhHSO', 'participant', 'vALKKkMrR4o6QeCMKsidZ3GJGzcmKuir4BYyrwOzcd1g3MnG0tvyvQf93fOj', '2020-01-20 06:33:02', '2020-01-20 06:33:02'),
(20, 'itc final 2', 'itcfinal2@gmail.com', '$2y$10$E0U0zkgajpMN8/Rjyvs.4.i7S/rGFeagXlU.6YL6AskK0b9/Asdva', 'participant', 'mJoIJPS1D7WTiCrMFugi9W3AWZJMXLfyox3L4188aTqx14rYgpyHFsj3ylsH', '2020-01-20 06:33:08', '2020-01-20 06:33:08'),
(21, 'itc final 3', 'itcfinal3@gmail.com', '$2y$10$OHGx1G0DhKmGNOWkGTSniOkoRNIEv6Dpg.2T5e7QyEb6mF6V.6Zh6', 'participant', 'ViKWZLw3F3zSWlWmg7wRqfqMH3rwzcMeXBwFSs6Ee3xHnuRXx48goCognmjM', '2020-01-20 06:33:34', '2020-01-20 06:33:34'),
(22, 'itc final 6', 'itcfinal6@gmail.com', '$2y$10$zXl904mKwmkNZUo06XVUw.gwfA6TOkQ5BeXtxBvRSPbtArh3cWvNq', 'participant', 'KjCshwlhO168xzj7OAyzLTR3VgMaPdWA378pgkoxngr5BXC1TXk0XuvWMACY', '2020-01-20 06:33:34', '2020-01-20 06:33:34'),
(23, 'itc final 7', 'itcfinal7@gmail.com', '$2y$10$PlPStBfVIXvCVxFd53SWE.ofBIVGUPo05XWWTvALH29PNk.ahcDU6', 'participant', '70Umkje5zJIYQmE7fYReFK9EK15JELIMHHifClhbNULubDVO0Y58ymVWDsqF', '2020-01-20 06:34:27', '2020-01-20 06:34:27'),
(24, 'itc final 9', 'itcfinal9@gmail.com', '$2y$10$rhL9sZ81j4Io2hfNQ617sOLWvz.FoqWKVq/Bnd7UNwZ3zBy0K0z1C', 'participant', 'QlyhDZJK3Of24QDSxCpU6g29fDYmrTQ5BeCmWLSOyPw9gli9vRJlOE2Jfc2U', '2020-01-20 06:35:03', '2020-01-20 06:35:03'),
(25, 'itc final 10', 'itcfinal10@gmail.com', '$2y$10$z9K9lm2RsCHh.YurrkoeGuL6/vA4dbtXVQUALQXVxhGCZpHKPrMxu', 'participant', 'KZOr4tJkqKlOUbCkFDKIqHrDwx7XoMYKNQdesfEtmsNDvKxgDq8VN0CzSUGG', '2020-01-20 06:35:49', '2020-01-20 06:35:49');

--
-- Indexes for dumped tables
--

--
-- Indexes for table `curent_status`
--
ALTER TABLE `curent_status`
  ADD PRIMARY KEY (`id`);

--
-- Indexes for table `migrations`
--
ALTER TABLE `migrations`
  ADD PRIMARY KEY (`id`);

--
-- Indexes for table `observer_participants`
--
ALTER TABLE `observer_participants`
  ADD PRIMARY KEY (`id`);

--
-- Indexes for table `participants`
--
ALTER TABLE `participants`
  ADD PRIMARY KEY (`id`);

--
-- Indexes for table `password_resets`
--
ALTER TABLE `password_resets`
  ADD KEY `password_resets_email_index` (`email`);

--
-- Indexes for table `questions`
--
ALTER TABLE `questions`
  ADD PRIMARY KEY (`id`);

--
-- Indexes for table `transaction_logs`
--
ALTER TABLE `transaction_logs`
  ADD PRIMARY KEY (`id`);

--
-- Indexes for table `users`
--
ALTER TABLE `users`
  ADD PRIMARY KEY (`id`),
  ADD UNIQUE KEY `users_email_unique` (`email`);

--
-- AUTO_INCREMENT for dumped tables
--

--
-- AUTO_INCREMENT for table `curent_status`
--
ALTER TABLE `curent_status`
  MODIFY `id` int(10) UNSIGNED NOT NULL AUTO_INCREMENT, AUTO_INCREMENT=2;

--
-- AUTO_INCREMENT for table `migrations`
--
ALTER TABLE `migrations`
  MODIFY `id` int(10) UNSIGNED NOT NULL AUTO_INCREMENT, AUTO_INCREMENT=29;

--
-- AUTO_INCREMENT for table `observer_participants`
--
ALTER TABLE `observer_participants`
  MODIFY `id` bigint(20) UNSIGNED NOT NULL AUTO_INCREMENT, AUTO_INCREMENT=141;

--
-- AUTO_INCREMENT for table `participants`
--
ALTER TABLE `participants`
  MODIFY `id` bigint(20) UNSIGNED NOT NULL AUTO_INCREMENT, AUTO_INCREMENT=78;

--
-- AUTO_INCREMENT for table `questions`
--
ALTER TABLE `questions`
  MODIFY `id` bigint(20) UNSIGNED NOT NULL AUTO_INCREMENT, AUTO_INCREMENT=81;

--
-- AUTO_INCREMENT for table `transaction_logs`
--
ALTER TABLE `transaction_logs`
  MODIFY `id` bigint(20) UNSIGNED NOT NULL AUTO_INCREMENT, AUTO_INCREMENT=1019;

--
-- AUTO_INCREMENT for table `users`
--
ALTER TABLE `users`
  MODIFY `id` bigint(20) UNSIGNED NOT NULL AUTO_INCREMENT, AUTO_INCREMENT=26;
COMMIT;

/*!40101 SET CHARACTER_SET_CLIENT=@OLD_CHARACTER_SET_CLIENT */;
/*!40101 SET CHARACTER_SET_RESULTS=@OLD_CHARACTER_SET_RESULTS */;
/*!40101 SET COLLATION_CONNECTION=@OLD_COLLATION_CONNECTION */;
